timestamp,open,high,low,close,open_interest,funding_rate
2020-02-20T00:00:00Z,9594.6499999999996,9699,9400,9596.4200000000001,475384235.30000001,0.0001
2020-02-21T00:00:00Z,9597.2099999999991,9755.5100000000002,9550.2099999999991,9677.0499999999993,484242326.60000002,0.0001
2020-02-22T00:00:00Z,9677.0499999999993,9709.1700000000001,9560.0200000000004,9650.8600000000006,490147720.80000001,0.00029662999999999998
2020-02-23T00:00:00Z,9650.8500000000004,9990,9645,9936.3999999999996,507863903.5,0.00048774000000000002
2020-02-24T00:00:00Z,9936.3999999999996,9990,9473.5599999999995,9656.1299999999992,507863903.5,0.00032389000000000002
2020-02-25T00:00:00Z,9655.5200000000004,9675,9250,9315.8400000000001,478336932.39999998,0.00036170000000000001
2020-02-26T00:00:00Z,9316.4799999999996,9377.4400000000005,8633.6299999999992,8785.25,448809961.19999999,0.00017363
2020-02-27T00:00:00Z,8786,8971.7700000000004,8531,8823.2099999999991,451762658.39999998,0.0001
2020-02-28T00:00:00Z,8823.25,8900,8445,8692.9099999999999,439951869.89999998,0.00061536000000000002
2020-02-29T00:00:00Z,8690.7999999999993,8790,8523.5499999999993,8523.6100000000006,448809961.19999999,0.00049317000000000002
2020-03-01T00:00:00Z,8523.6100000000006,8750,8411,8531.8799999999992,445857264.10000002,0.0001872
2020-03-02T00:00:00Z,8530.2999999999993,8965.75,8498,8915.2399999999998,442904567,0.0001
2020-03-03T00:00:00Z,8911.1800000000003,8919.6499999999996,8651,8760.0699999999997,439951869.89999998,0.0001
2020-03-04T00:00:00Z,8760.0699999999997,8848.2900000000009,8660,8750.8700000000008,460620749.69999999,0.0001
2020-03-05T00:00:00Z,8750.9899999999998,9159.4200000000001,8746.5400000000009,9054.6800000000003,463573446.80000001,0.00020373
2020-03-06T00:00:00Z,9054.6399999999994,9170,8985.5,9131.8799999999992,472431538.10000002,0.00039476000000000002
2020-03-07T00:00:00Z,9130.8899999999994,9188,8835,8886.6599999999999,428141081.39999998,0.00054684999999999998
2020-03-08T00:00:00Z,8885.25,8886.7600000000002,8000,8033.3100000000004,407472201.60000002,0.0001
2020-03-09T00:00:00Z,8034.7600000000002,8179.3100000000004,7632.0100000000002,7929.8699999999999,413377595.89999998,0.0001
2020-03-10T00:00:00Z,7929.8699999999999,8149,7728.0100000000002,7894.5600000000004,407472201.60000002,0.0001
2020-03-11T00:00:00Z,7894.5699999999997,7980,7590,7934.5200000000004,224404980.59999999,0.00010572
2020-03-12T00:00:00Z,7934.5799999999999,7966.1700000000001,4410,4800,206688797.90000001,-0.00016072999999999999
2020-03-13T00:00:00Z,4800.0100000000002,5955,3782.1300000000001,5578.6000000000004,203736100.80000001,-0.00076420999999999998
2020-03-14T00:00:00Z,5576.0500000000002,5640.5200000000004,5055.1300000000001,5172.0600000000004,197830706.59999999,-0.00047893000000000002
2020-03-15T00:00:00Z,5172.4799999999996,5940,5093.1000000000004,5361.3000000000002,191925312.40000001,-0.00028281999999999998
2020-03-16T00:00:00Z,5360.3299999999999,5365.4200000000001,4442.1199999999999,5028.9700000000003,197830706.59999999,-0.00023829999999999999
2020-03-17T00:00:00Z,5028.8599999999997,5525,4921.4499999999998,5312.6400000000003,203736100.80000001,-0.00014705999999999999
2020-03-18T00:00:00Z,5312.6400000000003,5436.1700000000001,5009.3699999999999,5393.04,215546889.30000001,-0.00015042000000000001
2020-03-19T00:00:00Z,5393.2600000000002,6400,5252.5299999999997,6162.3699999999999,203736100.80000001,-0.00015469
2020-03-20T00:00:00Z,6162.0500000000002,6900,5670,6208.3599999999997,209641495.09999999,8.3269999999999994e-05
2020-03-21T00:00:00Z,6204.5699999999997,6456.9799999999996,5860.0200000000004,6186.9799999999996,227357677.69999999,-2.8419999999999999e-05
2020-03-22T00:00:00Z,6187.04,6407.8699999999999,5734.0100000000002,5816.1899999999996,212594192.19999999,-0.00016796000000000001
2020-03-23T00:00:00Z,5816.0500000000002,6600,5688,6467.3100000000004,212594192.19999999,0.0001
2020-03-24T00:00:00Z,6465.25,6833,6371.3299999999999,6744.7200000000003,221452283.5,0.0001
2020-03-25T00:00:00Z,6744.6899999999996,6957.96,6450,6677.4300000000003,224404980.59999999,-1.6200000000000001e-05
2020-03-26T00:00:00Z,6677.4200000000001,6780,6510,6737.3599999999997,224404980.59999999,6.2230000000000006e-05
2020-03-27T00:00:00Z,6737.2700000000004,6842.5900000000001,6261,6359.1099999999997,245073860.40000001,-0.00012203
2020-03-28T00:00:00Z,6359.1099999999997,6360,6024,6236.6499999999996,262790043.09999999,-0.00023282000000000001
2020-03-29T00:00:00Z,6236.6499999999996,6266,5866.5600000000004,5881.4200000000001,256884648.90000001,-0.00064309999999999997
2020-03-30T00:00:00Z,5880.5,6599,5857.7600000000002,6394.3800000000001,265742740.19999999,-5.3829999999999998e-05
2020-03-31T00:00:00Z,6394.4499999999998,6523.2299999999996,6321.3999999999996,6410.4399999999996,268695437.30000001,-9.2369999999999998e-05
2020-04-01T00:00:00Z,6412.1400000000003,6679.9399999999996,6150.1099999999997,6642.9200000000001,239168466.19999999,-0.00019330000000000001
2020-04-02T00:00:00Z,6643.3599999999997,7198,6551,6794.0900000000001,250979254.59999999,9.0470000000000006e-05
2020-04-03T00:00:00Z,6793.8599999999997,7048,6602.1000000000004,6734.1000000000004,253931951.80000001,6.1840000000000004e-05
2020-04-04T00:00:00Z,6732.9700000000003,6990.4099999999999,6650.0100000000002,6856.9899999999998,253931951.80000001,-4.4950000000000002e-05
2020-04-05T00:00:00Z,6857.4099999999999,6895.54,6677.5200000000004,6772.7799999999997,274600831.5,2.3640000000000001e-05
2020-04-06T00:00:00Z,6772.7799999999997,7355.1400000000003,6765,7329.8999999999996,262790043.09999999,-0.00012883
2020-04-07T00:00:00Z,7329.8999999999996,7459.6899999999996,7077,7197.3199999999997,265742740.19999999,-2.7630000000000001e-05
2020-04-08T00:00:00Z,7197.3199999999997,7420,7150,7361.2799999999997,274600831.5,0.0001
2020-04-09T00:00:00Z,7360.2600000000002,7371.9200000000001,7108.0799999999999,7283.54,283458922.89999998,-5.003e-05
2020-04-10T00:00:00Z,7283.54,7295.75,6739.9799999999996,6858.9200000000001,295269711.30000001,0.0001
2020-04-11T00:00:00Z,6858.9200000000001,6944.3000000000002,6760,6876.8299999999999,289364317.10000002,0.0001
2020-04-12T00:00:00Z,6876.8400000000001,7177,6780,6903.79,286411620,7.9540000000000001e-05
2020-04-13T00:00:00Z,6903.79,6903.79,6575,6837.9099999999999,289364317.10000002,-1.2439999999999999e-05
2020-04-14T00:00:00Z,6838.04,6978,6754.2799999999997,6868.6999999999998,312985894,-0.00012803000000000001
2020-04-15T00:00:00Z,6868.5699999999997,6933,6605,6621.2399999999998,289364317.10000002,-7.0170000000000001e-05
2020-04-16T00:00:00Z,6621.25,7190,6468.2700000000004,7101.9399999999996,283458922.89999998,5.9259999999999998e-05
2020-04-17T00:00:00Z,7101.9899999999998,7148.1199999999999,6972.9799999999996,7027.5500000000002,298222408.5,-3.1319999999999998e-05
2020-04-18T00:00:00Z,7026.7799999999997,7293.0799999999999,7014.3999999999996,7248.6000000000004,289364317.10000002,-0.00019142000000000001
2020-04-19T00:00:00Z,7248.6000000000004,7266.1499999999996,7055.6000000000004,7120.7399999999998,304127802.69999999,-1.31e-05
2020-04-20T00:00:00Z,7121.3999999999996,7220,6751,6826.8299999999999,301175105.60000002,-9.1799999999999995e-05
2020-04-21T00:00:00Z,6828.9799999999996,6940,6762,6841.3699999999999,315938591.10000002,-2.6630000000000001e-05
2020-04-22T00:00:00Z,6841.3599999999997,7156.3800000000001,6818,7125.1400000000003,283458922.89999998,-0.00022340000000000001
2020-04-23T00:00:00Z,7125.1199999999999,7738,7020,7482.3900000000003,283458922.89999998,0.0001
2020-04-24T00:00:00Z,7483.96,7615.96,7388,7505,289364317.10000002,0.0001
2020-04-25T00:00:00Z,7505,7705,7431.0699999999997,7538.6700000000001,298222408.5,0.0001
2020-04-26T00:00:00Z,7539.0299999999997,7700,7480,7693.1000000000004,289364317.10000002,0.0001
2020-04-27T00:00:00Z,7693.1000000000004,7792.0200000000004,7606,7774.6199999999999,298222408.5,0.0001
2020-04-28T00:00:00Z,7773.5100000000002,7780,7659.1199999999999,7738.9799999999996,310033196.89999998,0.0001
2020-04-29T00:00:00Z,7738.5799999999999,8952.8899999999994,7710.0500000000002,8778.5699999999997,295269711.30000001,0.00013208
2020-04-30T00:00:00Z,8778.5799999999999,9460,8401,8620,315938591.10000002,0.00021071999999999999
2020-05-01T00:00:00Z,8620,9059.1800000000003,8613.5599999999995,8826.9599999999991,321843985.39999998,0.0001
2020-05-02T00:00:00Z,8825.6700000000001,9010,8753,8972.0499999999993,333654773.80000001,0.0001
2020-05-03T00:00:00Z,8972.5799999999999,9200,8712,8894.1599999999999,327749379.60000002,0.00011925
2020-05-04T00:00:00Z,8894.1499999999996,8950,8522,8871.9599999999991,339560168,0.0001
2020-05-05T00:00:00Z,8871.9200000000001,9118.5799999999999,8760,9021.8299999999999,377945230.5,0.0001
2020-05-06T00:00:00Z,9021.3600000000006,9395,8906.2099999999991,9142.9200000000001,401566807.39999998,0.0001
2020-05-07T00:00:00Z,9143.3999999999996,10067,9021,9986.3999999999996,422235687.19999999,0.00016093999999999999
2020-05-08T00:00:00Z,9986.2999999999993,10035.959999999999,9705,9800.0100000000002,436999172.80000001,0.00042036999999999999
2020-05-09T00:00:00Z,9800.0200000000004,9914.25,9520,9539.3999999999996,333654773.80000001,0.00042326000000000001
2020-05-10T00:00:00Z,9539.1000000000004,9574.8299999999999,8117,8722.7700000000004,330702076.69999999,0.0001
2020-05-11T00:00:00Z,8722.7700000000004,9168,8200,8561.5200000000004,339560168,0.0001
2020-05-12T00:00:00Z,8562.0400000000009,8978.2600000000002,8528.7800000000007,8810.7900000000009,377945230.5,0.0001
2020-05-13T00:00:00Z,8810.9899999999998,9398,8792.9899999999998,9309.3700000000008,392708716.10000002,0.0001
2020-05-14T00:00:00Z,9309.3500000000004,9939,9256.7600000000002,9791.9799999999996,413377595.89999998,0.0001
2020-05-15T00:00:00Z,9791.9699999999993,9845.6200000000008,9150,9316.4200000000001,407472201.60000002,0.0001
2020-05-16T00:00:00Z,9315.9599999999991,9588,9220,9381.2700000000004,428141081.39999998,8.0010000000000001e-05
2020-05-17T00:00:00Z,9380.8099999999995,9888,9322.1000000000004,9680.0400000000009,434046475.69999999,0.0001
2020-05-18T00:00:00Z,9681.1100000000006,9950,9464.2299999999996,9733.9300000000003,425188384.30000001,0.0001
2020-05-19T00:00:00Z,9733.9300000000003,9897.2099999999991,9474,9775.5300000000007,439951869.89999998,0.0001
2020-05-20T00:00:00Z,9775.1299999999992,9842,9326,9511.4300000000003,425188384.30000001,-9.0270000000000001e-05
2020-05-21T00:00:00Z,9511.4300000000003,9578.4699999999993,8815,9068.6499999999996,434046475.69999999,-5.1499999999999998e-05
2020-05-22T00:00:00Z,9067.5100000000002,9271,8933.5200000000004,9170,425188384.30000001,-2.092e-05
2020-05-23T00:00:00Z,9170,9307.8500000000004,9070,9179.1499999999996,422235687.19999999,0.0001
2020-05-24T00:00:00Z,9179.0100000000002,9298,8700,8720.3400000000001,431093778.60000002,6.7840000000000001e-05
2020-05-25T00:00:00Z,8718.1399999999994,8979.6599999999999,8642.7199999999993,8900.3500000000004,434046475.69999999,-3.4999999999999998e-07
2020-05-26T00:00:00Z,8900.3500000000004,9017.6700000000001,8700,8841.1800000000003,451762658.39999998,2.1039999999999998e-05
2020-05-27T00:00:00Z,8841,9225,8811.7299999999996,9204.0699999999997,451762658.39999998,-0.00011366000000000001
2020-05-28T00:00:00Z,9204.0699999999997,9625.4699999999993,9110,9575.8899999999994,454715355.5,2.618e-05
2020-05-29T00:00:00Z,9575.8700000000008,9605.2600000000002,9330,9427.0699999999997,445857264.10000002,0.0001
2020-05-30T00:00:00Z,9426.6000000000004,9740,9331.2299999999996,9697.7199999999993,436999172.80000001,0.0001
2020-05-31T00:00:00Z,9697.7199999999993,9700,9381.4099999999999,9448.2700000000004,475384235.30000001,0.0001
2020-06-01T00:00:00Z,9448.2700000000004,10380,9421.6700000000001,10200.77,413377595.89999998,0.00034479999999999998
2020-06-02T00:00:00Z,10202.709999999999,10228.99,9266,9518.0400000000009,410424898.80000001,0.0001
2020-06-03T00:00:00Z,9518.0200000000004,9690,9365.2099999999991,9666.2399999999998,428141081.39999998,0.0001
2020-06-04T00:00:00Z,9666.3199999999997,9881.6299999999992,9450,9789.0599999999995,434046475.69999999,0.0001
2020-06-05T00:00:00Z,9788.1399999999994,9854.75,9581,9621.1599999999999,434046475.69999999,0.0001
2020-06-06T00:00:00Z,9621.1700000000001,9735,9531.0499999999993,9666.2999999999993,442904567,0.0001
2020-06-07T00:00:00Z,9666.8500000000004,9802,9372.4599999999991,9746.9899999999998,451762658.39999998,0.0001
2020-06-08T00:00:00Z,9746.9899999999998,9800,9633,9782.0100000000002,451762658.39999998,0.0001
2020-06-09T00:00:00Z,9782,9877,9570,9772.4300000000003,457668052.60000002,0.0001
2020-06-10T00:00:00Z,9772.4400000000005,9992.7199999999993,9704.1800000000003,9885,460620749.69999999,0.0001
2020-06-11T00:00:00Z,9885.2199999999993,9964,9113,9280.3999999999996,448809961.19999999,0.0001
2020-06-12T00:00:00Z,9278.8799999999992,9557.1200000000008,9232.5100000000002,9465.1299999999992,445857264.10000002,-1.942e-05
2020-06-13T00:00:00Z,9464.9599999999991,9494.7299999999996,9351,9473.3400000000001,460620749.69999999,7.1019999999999994e-05
2020-06-14T00:00:00Z,9473.3400000000001,9480.9899999999998,9245,9342.1000000000004,466526143.89999998,0.0001
2020-06-15T00:00:00Z,9342.1000000000004,9495,8910.4500000000007,9426.0200000000004,460620749.69999999,-0.00015215000000000001
2020-06-16T00:00:00Z,9426.0499999999993,9589,9373.0900000000001,9525.5900000000001,472431538.10000002,7.7639999999999995e-05
2020-06-17T00:00:00Z,9526.9699999999993,9565,9236.6100000000006,9465.1399999999994,472431538.10000002,-0.00010005000000000001
2020-06-18T00:00:00Z,9465.1299999999992,9489,9280,9386.3199999999997,472431538.10000002,-1.57e-06
2020-06-19T00:00:00Z,9386.3199999999997,9438.2999999999993,9215.7900000000009,9310.2299999999996,469478841,0.0001
2020-06-20T00:00:00Z,9310.2299999999996,9395,9170.9500000000007,9358.9500000000007,463573446.80000001,-3.057e-05
2020-06-21T00:00:00Z,9358.9500000000007,9422,9281.5400000000009,9294.6900000000005,496053115.10000002,0.0001
2020-06-22T00:00:00Z,9294.6900000000005,9780,9277.0900000000001,9685.6900000000005,504911206.39999998,0.0001
2020-06-23T00:00:00Z,9685.6900000000005,9720,9577.0300000000007,9624.8899999999994,507863903.5,0.00011286
2020-06-24T00:00:00Z,9624.3299999999999,9670,9208,9296.4899999999998,490147720.80000001,0.0001
2020-06-25T00:00:00Z,9298.3299999999999,9340,9009.6900000000005,9249.4899999999998,513769297.69999999,9.4010000000000003e-05
2020-06-26T00:00:00Z,9249.4899999999998,9298,9045.4500000000007,9162.2099999999991,519674692,0.0001
2020-06-27T00:00:00Z,9162.2099999999991,9196.2399999999998,8833,9012,510816600.60000002,0.0001
2020-06-28T00:00:00Z,9012,9191,8948.0599999999995,9116.3500000000004,510816600.60000002,0.0001
2020-06-29T00:00:00Z,9116.1599999999999,9238,9024.6700000000001,9192.5599999999995,507863903.5,0.0001
2020-06-30T00:00:00Z,9192.9300000000003,9205,9064.8899999999994,9138.5499999999993,516721994.80000001,0.0001
2020-07-01T00:00:00Z,9138.0799999999999,9292,9080.1000000000004,9232,516721994.80000001,0.0001
2020-07-02T00:00:00Z,9231.9899999999998,9261.9599999999991,8940,9086.5400000000009,516721994.80000001,0.0001
2020-07-03T00:00:00Z,9086.5400000000009,9125,9037.4699999999993,9058.2600000000002,510816600.60000002,0.0001
2020-07-04T00:00:00Z,9057.7900000000009,9190,9040.0400000000009,9135.4599999999991,513769297.69999999,0.0001
2020-07-05T00:00:00Z,9135,9145.2399999999998,8893.0300000000007,9069.4099999999999,531485480.39999998,0.0001
2020-07-06T00:00:00Z,9069.4099999999999,9375,9055.9200000000001,9344.2000000000007,522627389.10000002,0.0001
2020-07-07T00:00:00Z,9342.4699999999993,9379.4200000000001,9203,9257.3899999999994,555107057.29999995,0.0001
2020-07-08T00:00:00Z,9257.3999999999996,9470,9231,9436.0599999999995,537390874.60000002,0.0001
2020-07-09T00:00:00Z,9436.0599999999995,9440.7900000000009,9160,9232.4300000000003,531485480.39999998,0.0001
2020-07-10T00:00:00Z,9232.4200000000001,9317.4799999999996,9125,9288.3400000000001,534438177.5,0.0001
2020-07-11T00:00:00Z,9288.3400000000001,9299.2800000000007,9178.25,9234.0300000000007,537390874.60000002,0.0001
2020-07-12T00:00:00Z,9234.0200000000004,9345,9157.5,9302.75,563965148.70000005,0.0001
2020-07-13T00:00:00Z,9303.3099999999995,9343.8199999999997,9200.8899999999994,9242.6200000000008,558059754.39999998,0.0001
2020-07-14T00:00:00Z,9242.6100000000006,9279.5400000000009,9113,9255.8500000000004,578728634.20000005,0.0001
2020-07-15T00:00:00Z,9255.8500000000004,9276.4899999999998,9160.5699999999997,9197.6000000000004,599397514,0.0001
2020-07-16T00:00:00Z,9197.6000000000004,9226.1499999999996,9047.25,9133.7199999999993,593492119.79999995,0.0001
2020-07-17T00:00:00Z,9133.7199999999993,9186.8299999999999,9089.8099999999995,9154.3199999999997,584634028.5,0.0001
2020-07-18T00:00:00Z,9154.3099999999995,9219.2999999999993,9121.1000000000004,9170.2800000000007,587586725.60000002,0.0001
2020-07-19T00:00:00Z,9170.2999999999993,9232.2700000000004,9101.3500000000004,9208.9899999999998,572823240,0.0001
2020-07-20T00:00:00Z,9208.9899999999998,9221.5200000000004,9131,9160.7800000000007,617113696.70000005,0.0001
2020-07-21T00:00:00Z,9160.7800000000007,9437.7299999999996,9152.7999999999993,9390,614160999.60000002,0.0001
2020-07-22T00:00:00Z,9390,9544,9261,9518.1599999999999,617113696.70000005,0.0001
2020-07-23T00:00:00Z,9518.1599999999999,9664,9440.3299999999999,9603.2700000000004,599397514,0.0001
2020-07-24T00:00:00Z,9603.2700000000004,9637,9463.4400000000005,9537.7999999999993,625971788,0.0001
2020-07-25T00:00:00Z,9538.1000000000004,9732.8999999999996,9513,9700.4200000000001,599397514,0.0001
2020-07-26T00:00:00Z,9700.4200000000001,10111,9650,9931.5400000000009,611208302.5,0.00047137999999999998
2020-07-27T00:00:00Z,9931.5400000000009,11394.860000000001,9917.2099999999991,11029.959999999999,590539422.70000005,0.0013948400000000001
2020-07-28T00:00:00Z,11029.959999999999,11242.23,10565,10906.27,623019090.89999998,0.00083620999999999999
2020-07-29T00:00:00Z,10906.27,11342.82,10812,11100.530000000001,711600004.29999995,0.00061759
2020-07-30T00:00:00Z,11100.52,11170,10831,11099.610000000001,738174278.39999998,0.00082653999999999996
2020-07-31T00:00:00Z,11099.790000000001,11444,10960,11335.459999999999,770653946.60000002,0.00027910000000000001
2020-08-01T00:00:00Z,11335.459999999999,11861,11220,11801.17,640735273.60000002,0.00095567000000000004
2020-08-02T00:00:00Z,11801.17,12123.459999999999,10518.5,11071.35,649593364.89999998,0.00025849999999999999
2020-08-03T00:00:00Z,11071.360000000001,11473,10936,11219.809999999999,649593364.89999998,0.00031113000000000001
2020-08-04T00:00:00Z,11219.68,11414.98,11000,11191.969999999999,693883821.60000002,0.00013898
2020-08-05T00:00:00Z,11191.99,11780.93,11093,11744.91,714552701.39999998,0.00038866999999999998
2020-08-06T00:00:00Z,11744.91,11900,11562.5,11762.459999999999,693883821.60000002,0.00031707000000000003
2020-08-07T00:00:00Z,11762.469999999999,11909.940000000001,11322,11594.23,679120336.10000002,0.0001
2020-08-08T00:00:00Z,11594.360000000001,11808.27,11512,11761.41,699789215.89999998,0.0001
2020-08-09T00:00:00Z,11761.02,11797.110000000001,11521.969999999999,11681.68,714552701.39999998,0.0001
2020-08-10T00:00:00Z,11681.690000000001,12067.35,11450,11892.92,714552701.39999998,0.00013371999999999999
2020-08-11T00:00:00Z,11892.9,11935,11125,11392.08,687978427.39999998,0.0001
2020-08-12T00:00:00Z,11392.09,11617.52,11150,11564.33,690931124.5,0.0001
2020-08-13T00:00:00Z,11564.34,11792.959999999999,11270.360000000001,11780,702741913,0.00017598000000000001
2020-08-14T00:00:00Z,11779.77,11850,11634.030000000001,11760.540000000001,717505398.60000002,0.0001
2020-08-15T00:00:00Z,11760.549999999999,11980,11680,11852.4,729316187,0.00015640000000000001
2020-08-16T00:00:00Z,11852.4,11931.719999999999,11686,11911,773606643.70000005,0.00026342
2020-08-17T00:00:00Z,11910.99,12468,11769.780000000001,12281.129999999999,755890461,0.0011990499999999999
2020-08-18T00:00:00Z,12281.15,12387.77,11817.93,11945.01,720458095.70000005,0.00077293000000000001
2020-08-19T00:00:00Z,11945.1,12020.08,11561,11754.59,717505398.60000002,0.00024189
2020-08-20T00:00:00Z,11754.379999999999,11888,11668,11853.549999999999,714552701.39999998,0.0001
2020-08-21T00:00:00Z,11853.540000000001,11878,11485.809999999999,11531.34,699789215.89999998,0.0001
2020-08-22T00:00:00Z,11531.23,11686,11376.809999999999,11662.959999999999,699789215.89999998,0.0001
2020-08-23T00:00:00Z,11663.51,11718.07,11514.129999999999,11648.129999999999,717505398.60000002,0.0001
2020-08-24T00:00:00Z,11648.120000000001,11824.9,11585.09,11748.200000000001,735221581.20000005,0.0001
2020-08-25T00:00:00Z,11748.190000000001,11767.85,11117.639999999999,11318.42,693883821.60000002,0.00023316
2020-08-26T00:00:00Z,11318.42,11539.32,11244,11461.43,702741913,0.0001
2020-08-27T00:00:00Z,11461.42,11592.200000000001,11125,11330.379999999999,696836518.79999995,0.0001
2020-08-28T00:00:00Z,11330.379999999999,11542.65,11276.889999999999,11526.91,693883821.60000002,0.0001
2020-08-29T00:00:00Z,11526.9,11580.02,11417.040000000001,11465.84,711600004.29999995,0.0001
2020-08-30T00:00:00Z,11465.84,11719,11458,11711.16,720458095.70000005,0.0001
2020-08-31T00:00:00Z,11711.17,11800.77,11570,11649.51,749985066.79999995,0.0001
2020-09-01T00:00:00Z,11649.51,12050.85,11515,11921.969999999999,726363489.89999998,0.00032895
2020-09-02T00:00:00Z,11921.969999999999,11954.57,11160.1,11388.540000000001,596444816.89999998,0.00021394
2020-09-03T00:00:00Z,11388.540000000001,11462.6,9960.7999999999993,10140.85,546248966,0.0001
2020-09-04T00:00:00Z,10138.290000000001,10627.049999999999,9875.5,10446.25,528532783.30000001,0.0001
2020-09-05T00:00:00Z,10446.25,10565.68,9825,10166.690000000001,543296268.89999998,0.0001
2020-09-06T00:00:00Z,10166.690000000001,10347.139999999999,9994.8600000000006,10256.200000000001,552154360.20000005,0.0001
2020-09-07T00:00:00Z,10255.889999999999,10410.75,9875,10373.440000000001,558059754.39999998,0.0001
2020-09-08T00:00:00Z,10373.450000000001,10438,9850,10126.65,549201663.10000002,0.0001
2020-09-09T00:00:00Z,10126.66,10343,9981.0100000000002,10219.200000000001,561012451.5,0.0001
2020-09-10T00:00:00Z,10219.290000000001,10483.35,10070.83,10336.870000000001,561012451.5,0.0001
2020-09-11T00:00:00Z,10336.860000000001,10397.6,10200,10387.889999999999,566917845.79999995,0.0001
2020-09-12T00:00:00Z,10387.889999999999,10477.969999999999,10269.25,10440.92,575775937.10000002,0.0001
2020-09-13T00:00:00Z,10440.67,10580.110000000001,10200,10332.83,599397514,0.0001
2020-09-14T00:00:00Z,10332.84,10750,10212.34,10671.77,590539422.70000005,-0.00022269999999999999
2020-09-15T00:00:00Z,10671.77,10930.040000000001,10606.48,10785.309999999999,631877182.29999995,-0.00011181
2020-09-16T00:00:00Z,10785.23,11093,10661.219999999999,10954.01,620066393.79999995,-5.6300000000000003e-06
2020-09-17T00:00:00Z,10954.01,11045.459999999999,10745.83,10939.99,625971788,9.4250000000000001e-05
2020-09-18T00:00:00Z,10940,11038.030000000001,10812.84,10933.389999999999,634829879.39999998,-0.0001155
2020-09-19T00:00:00Z,10933.4,11179.790000000001,10887.370000000001,11080.65,620066393.79999995,-6.4759999999999997e-05
2020-09-20T00:00:00Z,11080.639999999999,11080.639999999999,10723,10920.280000000001,596444816.89999998,-7.5060000000000003e-05
2020-09-21T00:00:00Z,10920.280000000001,10988.860000000001,10296.35,10417.219999999999,593492119.79999995,0.0001
2020-09-22T00:00:00Z,10417.219999999999,10572.709999999999,10353,10529.610000000001,599397514,4.3210000000000001e-05
2020-09-23T00:00:00Z,10529.610000000001,10537.15,10136.82,10241.459999999999,590539422.70000005,3.8170000000000002e-05
2020-09-24T00:00:00Z,10241.459999999999,10795.24,10190.93,10736.32,596444816.89999998,-0.00023219000000000001
2020-09-25T00:00:00Z,10736.33,10760.530000000001,10556.24,10686.67,608255605.39999998,0.0001
2020-09-26T00:00:00Z,10686.57,10820.940000000001,10644.68,10728.6,605302908.20000005,0.0001
2020-09-27T00:00:00Z,10728.59,10799,10594.82,10774.25,587586725.60000002,0.0001
2020-09-28T00:00:00Z,10774.26,10950,10626,10696.120000000001,605302908.20000005,0.0001
2020-09-29T00:00:00Z,10696.110000000001,10867.540000000001,10635.870000000001,10840.48,614160999.60000002,0.0001
2020-09-30T00:00:00Z,10840.58,10849.34,10665.129999999999,10776.59,590539422.70000005,7.4120000000000002e-05
2020-10-01T00:00:00Z,10776.59,10920,10437,10619.129999999999,587586725.60000002,-2.6299999999999998e-06
2020-10-02T00:00:00Z,10619.129999999999,10664.639999999999,10374,10570.4,587586725.60000002,0.0001
2020-10-03T00:00:00Z,10570.4,10603.559999999999,10496.459999999999,10542.059999999999,596444816.89999998,-2.1440000000000001e-05
2020-10-04T00:00:00Z,10542.07,10696.870000000001,10517.870000000001,10666.629999999999,623019090.89999998,-3.3810000000000003e-05
2020-10-05T00:00:00Z,10666.620000000001,10798,10615.639999999999,10792.209999999999,614160999.60000002,-1.26e-06
2020-10-06T00:00:00Z,10792.200000000001,10800,10525,10599.66,614160999.60000002,5.1100000000000002e-06
2020-10-07T00:00:00Z,10599.65,10681.870000000001,10546.17,10666.389999999999,637782576.5,2.6930000000000001e-05
2020-10-08T00:00:00Z,10666.4,10950,10530.41,10925.57,661404153.39999998,6.1279999999999996e-05
2020-10-09T00:00:00Z,10925.440000000001,11104.639999999999,10829,11050.639999999999,649593364.89999998,0.0001
2020-10-10T00:00:00Z,11050.639999999999,11491,11050.51,11293.219999999999,655498759.20000005,0.0001
2020-10-11T00:00:00Z,11293.219999999999,11445,11221,11369.02,652546062.10000002,0.0001
2020-10-12T00:00:00Z,11369.02,11720.01,11172,11528.25,643687970.70000005,0.0001
2020-10-13T00:00:00Z,11528.24,11557,11300,11420.559999999999,634829879.39999998,0.0001
2020-10-14T00:00:00Z,11420.57,11547.98,11280,11417.889999999999,634829879.39999998,0.0001
2020-10-15T00:00:00Z,11417.889999999999,11617.34,11250.83,11505.120000000001,628924485.20000005,0.0001
2020-10-16T00:00:00Z,11505.129999999999,11541.15,11200,11319.32,623019090.89999998,0.0001
2020-10-17T00:00:00Z,11319.24,11402.42,11255,11360.200000000001,637782576.5,0.0001
2020-10-18T00:00:00Z,11360.309999999999,11505,11346.219999999999,11503.139999999999,687978427.39999998,0.0001
2020-10-19T00:00:00Z,11503.139999999999,11823.99,11407.959999999999,11751.469999999999,711600004.29999995,0.0001
2020-10-20T00:00:00Z,11751.459999999999,12038.379999999999,11677.59,11909.99,723410792.79999995,2.2909999999999999e-05
2020-10-21T00:00:00Z,11910,13217.68,11886.950000000001,12780.959999999999,744079672.60000002,0.0001
2020-10-22T00:00:00Z,12780.75,13185,12678.08,12968.52,758843158.10000002,0.0001
2020-10-23T00:00:00Z,12968.84,13027.690000000001,12720.08,12923.07,794275523.5,0.0001
2020-10-24T00:00:00Z,12923.059999999999,13166.73,12870,13111.73,764748552.39999998,0.0001
2020-10-25T00:00:00Z,13111.73,13350,12888,13028.83,770653946.60000002,0.0001
2020-10-26T00:00:00Z,13029.639999999999,13238.809999999999,12765,13052.190000000001,809039009.10000002,9.2739999999999996e-05
2020-10-27T00:00:00Z,13052.15,13789.290000000001,13019.870000000001,13636.17,741126975.5,3.7249999999999997e-05
2020-10-28T00:00:00Z,13636.16,13859.48,12888,13266.4,788370129.29999995,-0.00026006
2020-10-29T00:00:00Z,13266.4,13642.91,12920.77,13455.700000000001,779512037.89999998,-0.00015268000000000001
2020-10-30T00:00:00Z,13455.690000000001,13669.98,13115,13560.1,829707888.89999998,-0.00024694000000000002
2020-10-31T00:00:00Z,13560.1,14100,13411.5,13791,817897100.39999998,-6.3860000000000002e-05
2020-11-01T00:00:00Z,13791,13895,13603,13761.5,791322826.39999998,7.8809999999999999e-05
2020-11-02T00:00:00Z,13761.49,13830,13195.049999999999,13549.370000000001,809039009.10000002,-0.00017064000000000001
2020-11-03T00:00:00Z,13549.629999999999,14066.110000000001,13284.99,14023.530000000001,820849797.5,-7.8159999999999997e-05
2020-11-04T00:00:00Z,14023.530000000001,14259,13525,14144.01,844471374.39999998,0.0001
2020-11-05T00:00:00Z,14144.01,15750,14093.559999999999,15590.02,850376768.70000005,0.0001
2020-11-06T00:00:00Z,15590.02,15960,15166,15579.92,767701249.5,0.00024948
2020-11-07T00:00:00Z,15579.93,15753.52,14344.219999999999,14818.299999999999,820849797.5,0.0001
2020-11-08T00:00:00Z,14818.299999999999,15650,14703.879999999999,15475.1,814944403.29999995,0.0001
2020-11-09T00:00:00Z,15475.1,15840,14805.540000000001,15328.41,811991706.20000005,0.0001
2020-11-10T00:00:00Z,15328.41,15460,15072.459999999999,15297.209999999999,891714528.20000005,0.0001
2020-11-11T00:00:00Z,15297.209999999999,15965,15272.68,15684.24,944863076.29999995,0.0001
2020-11-12T00:00:00Z,15684.25,16340.700000000001,15440.639999999999,16291.860000000001,936004984.89999998,0.0001
2020-11-13T00:00:00Z,16291.85,16480,15952.35,16320.700000000001,900572619.60000002,0.0001
2020-11-14T00:00:00Z,16320.040000000001,16326.99,15670,16070.450000000001,903525316.70000005,0.0001
2020-11-15T00:00:00Z,16069.559999999999,16180,15774.719999999999,15957,986200835.89999998,0.0001
2020-11-16T00:00:00Z,15957,16880,15864,16713.57,1006869716,0.0001
2020-11-17T00:00:00Z,16713.080000000002,17858.82,16538,17659.380000000001,998011624.29999995,0.00021138
2020-11-18T00:00:00Z,17659.380000000001,18476.93,17214.450000000001,17776.119999999999,1042302081,0.0001
2020-11-19T00:00:00Z,17777.75,18179.799999999999,17335.650000000001,17802.82,1130882994,0.00036650000000000002
2020-11-20T00:00:00Z,17802.810000000001,18815.220000000001,17740.040000000001,18655.669999999998,1145646480,0.0001
2020-11-21T00:00:00Z,18655.66,18965.900000000001,18308.580000000002,18703.799999999999,1142693783,0.00080362999999999995
2020-11-22T00:00:00Z,18703.799999999999,18750,17610.860000000001,18414.43,1184031542,0.00101151
2020-11-23T00:00:00Z,18413.880000000001,18766,18000,18368,1154504571,0.00050801000000000004
2020-11-24T00:00:00Z,18368.009999999998,19418.970000000001,18018,19160.009999999998,1133835692,0.00084234999999999996
2020-11-25T00:00:00Z,19160,19484.209999999999,18500.27,18719.110000000001,865140254.20000005,0.00035414000000000002
2020-11-26T00:00:00Z,18718.830000000002,18915.029999999999,16188,17149.470000000001,873998345.60000002,0.00010773
2020-11-27T00:00:00Z,17149.470000000001,17457.619999999999,16438.080000000002,17139.52,906478013.79999995,0.0001
2020-11-28T00:00:00Z,17139.529999999999,17880.490000000002,16865.560000000001,17719.849999999999,941910379.20000005,0.0001
2020-11-29T00:00:00Z,17719.84,18360.049999999999,17517,18184.990000000002,1057065567,0.0001
2020-11-30T00:00:00Z,18185,19863.16,18184.990000000002,19695.869999999999,974390047.39999998,0.00045929
2020-12-01T00:00:00Z,19695.869999999999,19888,18001.119999999999,18764.959999999999,998011624.29999995,0.0001
2020-12-02T00:00:00Z,18764.959999999999,19342,18330,19204.09,1045254778,0.0001
2020-12-03T00:00:00Z,19204.080000000002,19598,18867.200000000001,19421.900000000001,1006869716,0.00012703000000000001
2020-12-04T00:00:00Z,19422.34,19527,18565.310000000001,18650.52,1030491293,0.0001
2020-12-05T00:00:00Z,18650.509999999998,19177,18500,19147.66,1060018264,0.0001
2020-12-06T00:00:00Z,19147.66,19420,18857,19359.400000000001,1065923658,0.0001
2020-12-07T00:00:00Z,19358.669999999998,19420.91,18902.880000000001,19166.900000000001,1048207475,0.0001
2020-12-08T00:00:00Z,19166.900000000001,19294.84,18200,18324.110000000001,1048207475,0.0001
2020-12-09T00:00:00Z,18324.110000000001,18639.57,17650,18541.279999999999,1051160172,0.0001
2020-12-10T00:00:00Z,18541.290000000001,18557.32,17911.119999999999,18254.630000000001,1021633201,0.0001
2020-12-11T00:00:00Z,18254.810000000001,18292.73,17572.330000000002,18036.529999999999,1048207475,0.0001
2020-12-12T00:00:00Z,18036.529999999999,18948.66,18020.700000000001,18808.689999999999,1080687144,0.0001
2020-12-13T00:00:00Z,18808.689999999999,19411,18711.119999999999,19174.990000000002,1116119509,0.0001
2020-12-14T00:00:00Z,19174.990000000002,19349,19000,19273.139999999999,1139741086,0.0001
2020-12-15T00:00:00Z,19273.689999999999,19570,19050,19426.43,1222416605,0.0001
2020-12-16T00:00:00Z,19426.43,21560,19278.599999999999,21335.52,1160409966,0.0001
2020-12-17T00:00:00Z,21335.52,23800,21230,22797.16,1237180091,0.00028531999999999999
2020-12-18T00:00:00Z,22797.150000000001,23285.18,22350,23107.389999999999,1310997518,0.0001
2020-12-19T00:00:00Z,23107.389999999999,24171.470000000001,22750,23821.610000000001,1287375941,0.00078228
2020-12-20T00:00:00Z,23821.599999999999,24295,23060,23455.52,1207653119,0.00041794999999999999
2020-12-21T00:00:00Z,23455.540000000001,24102.77,21815,22719.709999999999,1266707062,0.0001
2020-12-22T00:00:00Z,22719.880000000001,23837.099999999999,22353.400000000001,23810.790000000001,1157457268,0.0001131
2020-12-23T00:00:00Z,23810.790000000001,24100,22600,23232.759999999998,1216511211,0.0001
2020-12-24T00:00:00Z,23232.389999999999,23794.43,22703.419999999998,23729.200000000001,1313950215,0.00018527999999999999
2020-12-25T00:00:00Z,23728.990000000002,24789.860000000001,23433.599999999999,24712.470000000001,1402531129,0.0001
2020-12-26T00:00:00Z,24712.470000000001,26867.029999999999,24500,26493.389999999999,1375956855,0.0001994
2020-12-27T00:00:00Z,26493.400000000001,28422,25700,26281.66,1417294614,0.00043462999999999998
2020-12-28T00:00:00Z,26281.540000000001,27500,26101,27079.41,1417294614,0.00037692999999999998
2020-12-29T00:00:00Z,27079.419999999998,27410,25880,27385,1476348557,0.00048979000000000004
2020-12-30T00:00:00Z,27385,28996,27320,28875.540000000001,1455679677,0.00053291999999999999
2020-12-31T00:00:00Z,28875.549999999999,29300,27850,28923.630000000001,1488159345,0.00022753000000000001
2021-01-01T00:00:00Z,28923.630000000001,29600,28624.57,29331.689999999999,1588551047,0.0001
2021-01-02T00:00:00Z,29331.700000000001,33300,28946.529999999999,32178.330000000002,1626936109,0.00124058
2021-01-03T00:00:00Z,32176.450000000001,34778.110000000001,31962.990000000002,33000.050000000003,1470443162,0.0016412600000000001
2021-01-04T00:00:00Z,33000.050000000003,33600,28130,31988.709999999999,1556071379,0.00088338000000000002
2021-01-05T00:00:00Z,31989.75,34360,29900,33949.529999999999,1680084658,0.0012719299999999999
2021-01-06T00:00:00Z,33949.529999999999,36939.209999999999,33288,36769.360000000001,1815908725,0.0010031599999999999
2021-01-07T00:00:00Z,36769.360000000001,40365,36300,39432.279999999999,1818861422,0.00213517
2021-01-08T00:00:00Z,39432.480000000003,41950,36500,40582.809999999998,1872009970,0.00062954000000000005
2021-01-09T00:00:00Z,40586.959999999999,41380,38720,40088.220000000001,1824766816,0.00145604
2021-01-10T00:00:00Z,40088.220000000001,41350,35111.110000000001,38150.019999999997,1674179263,0.00086485999999999996
2021-01-11T00:00:00Z,38150.019999999997,38264.739999999998,30420,35404.470000000001,1559024076,0.00033525999999999999
2021-01-12T00:00:00Z,35410.370000000003,36628,32531,34051.239999999998,1727327811,0.00014768
2021-01-13T00:00:00Z,34049.150000000001,37850,32380,37371.379999999997,1854293787,0.00078330999999999995
2021-01-14T00:00:00Z,37371.379999999997,40100,36701.230000000003,39144.5,1753902085,0.00055628000000000003
2021-01-15T00:00:00Z,39145.209999999999,39747.760000000002,34408,36742.220000000001,1709611629,0.0001
2021-01-16T00:00:00Z,36737.43,37950,35357.800000000003,35994.980000000003,1629888807,0.00033108999999999998
2021-01-17T00:00:00Z,35994.980000000003,36852.5,33850,35828.610000000001,1688942749,0.00055374999999999999
2021-01-18T00:00:00Z,35824.989999999998,37469.830000000002,34800,36631.269999999997,1780476359,0.00061669999999999997
2021-01-19T00:00:00Z,36622.459999999999,37850,35844.059999999998,35891.489999999998,1683037355,0.00088177999999999998
2021-01-20T00:00:00Z,35901.940000000002,36415.309999999998,33400,35468.230000000003,1570834864,0.00042077999999999999
2021-01-21T00:00:00Z,35468.230000000003,35600,30071,30850.130000000001,1482253951,0.0001
2021-01-22T00:00:00Z,30851.990000000002,33826.529999999999,28850,32945.169999999998,1437963494,0.0001
2021-01-23T00:00:00Z,32950,33456,31390.16,32078,1467490465,0.0001
2021-01-24T00:00:00Z,32078,33071,30900,32259.900000000001,1502922831,0.0001
2021-01-25T00:00:00Z,32259.450000000001,34875,31910,32254.200000000001,1502922831,0.00013506
2021-01-26T00:00:00Z,32254.189999999999,32921.879999999997,30837.369999999999,32467.77,1470443162,0.0001
2021-01-27T00:00:00Z,32464.009999999998,32557.290000000001,29241.720000000001,30366.150000000001,1573787561,0.0001
2021-01-28T00:00:00Z,30362.189999999999,33783.980000000003,29842.099999999999,33364.860000000001,1609219927,0.0001
2021-01-29T00:00:00Z,33368.18,38531.900000000001,31915.400000000001,34252.199999999997,1591503744,0.00039208
2021-01-30T00:00:00Z,34246.279999999999,34933,32825,34262.879999999997,1591503744,0.00054944
2021-01-31T00:00:00Z,34262.889999999999,34342.690000000002,32171.669999999998,33092.980000000003,1550165985,0.00013931999999999999
2021-02-01T00:00:00Z,33092.970000000001,34717.269999999997,32296.16,33526.370000000003,1656463081,0.00036787000000000001
2021-02-02T00:00:00Z,33517.089999999997,35984.330000000002,33418,35466.239999999998,1739138600,0.00077296999999999999
2021-02-03T00:00:00Z,35472.709999999999,37662.629999999997,35362.379999999997,37618.870000000003,1733233206,0.00029063
2021-02-04T00:00:00Z,37620.260000000002,38708.269999999997,36161.949999999997,36936.660000000003,1857246484,0.00056634999999999997
2021-02-05T00:00:00Z,36936.650000000001,38310.120000000003,36570,38290.239999999998,2043266402,0.00034781999999999999
2021-02-06T00:00:00Z,38289.32,40955.510000000002,38215.940000000002,39186.940000000002,2028502917,0.00155546
2021-02-07T00:00:00Z,39181.010000000002,39700,37351,38795.690000000002,2379873873,0.00059267
2021-02-08T00:00:00Z,38795.690000000002,46794.449999999997,37988.889999999999,46374.870000000003,2362157691,0.0013112499999999999
2021-02-09T00:00:00Z,46374.860000000001,48142.190000000002,44961.089999999997,46420.419999999998,2332630720,0.0012431300000000001
2021-02-10T00:00:00Z,46420.419999999998,47310,43727,44807.580000000002,2542272215,0.00076741999999999999
2021-02-11T00:00:00Z,44807.580000000002,48678.900000000001,43994.019999999997,47969.510000000002,2480265575,0.00128772
2021-02-12T00:00:00Z,47968.660000000003,48985.800000000003,46125,47287.599999999999,2480265575,0.00139999
2021-02-13T00:00:00Z,47298.150000000001,48150,46202.529999999999,47153.690000000002,2669238191,0.00085048000000000003
2021-02-14T00:00:00Z,47156.779999999999,49707.43,47014.169999999998,48577.790000000001,2551130306,0.0011785999999999999
2021-02-15T00:00:00Z,48580.470000000001,49010.919999999998,45570.790000000001,47911.099999999999,2672190888,0.00099599999999999992
2021-02-16T00:00:00Z,47911.099999999999,50689.18,47003.620000000003,49133.449999999997,2911359354,0.0010406599999999999
2021-02-17T00:00:00Z,49133.449999999997,52618.739999999998,48947,52119.709999999999,2828683835,0.00132249
2021-02-18T00:00:00Z,52117.669999999998,52530,50901.900000000001,51552.599999999999,2908406657,0.00091255000000000004
2021-02-19T00:00:00Z,51552.610000000001,56368,50710.199999999997,55906,2810967652,0.00156318
2021-02-20T00:00:00Z,55906,57700.459999999999,53863.93,55841.190000000002,2964507902,0.0010035700000000001
2021-02-21T00:00:00Z,55841.190000000002,58352.800000000003,55477.589999999997,57408.57,2598373460,0.0011704899999999999
2021-02-22T00:00:00Z,57412.349999999999,57508.470000000001,47622,54087.669999999998,2285387566,0.00024947000000000001
2021-02-23T00:00:00Z,54087.669999999998,54183.589999999997,44892.559999999998,48891,2338536114,0.0001
2021-02-24T00:00:00Z,48891,51374.989999999998,46988.690000000002,49676.199999999997,2359204994,0.00017705999999999999
2021-02-25T00:00:00Z,49676.209999999999,52041.730000000003,46674.339999999997,47073.730000000003,2208617441,0.0001
2021-02-26T00:00:00Z,47073.730000000003,48424.110000000001,44106.779999999999,46276.870000000003,2241097109,0.00030163999999999999
2021-02-27T00:00:00Z,46276.879999999997,48394,45000,46106.43,2273576777,0.0001
2021-02-28T00:00:00Z,46103.669999999998,46638.459999999999,43000,45135.660000000003,2468454787,0.00016920999999999999
2021-03-01T00:00:00Z,45134.110000000001,49790,44950.529999999999,49587.029999999999,2415306239,0.0001
2021-03-02T00:00:00Z,49595.760000000002,50200,47047.599999999999,48440.650000000001,2577704580,0.0001
2021-03-03T00:00:00Z,48436.610000000001,52640,48100.709999999999,50349.370000000003,2530461426,0.0001
2021-03-04T00:00:00Z,50349.370000000003,51773.879999999997,47500,48374.089999999997,2450738604,0.0001
2021-03-05T00:00:00Z,48374.089999999997,49448.93,46300,48751.709999999999,2480265575,0.0001
2021-03-06T00:00:00Z,48746.809999999998,49200,47070,48882.199999999997,2666285493,0.0001
2021-03-07T00:00:00Z,48882.199999999997,51450.029999999999,48882.199999999997,50971.75,2949744416,0.0001
2021-03-08T00:00:00Z,50959.110000000001,52402.779999999999,49274.669999999998,52375.169999999998,3103284666,0.00072418999999999999
2021-03-09T00:00:00Z,52375.18,54895,51789.410000000003,54884.5,3309973464,0.00024343999999999999
2021-03-10T00:00:00Z,54874.669999999998,57387.690000000002,53005,55851.589999999997,3572763507,0.00095931
2021-03-11T00:00:00Z,55851.589999999997,58150,54272.82,57773.160000000003,3407412469,0.00102002
2021-03-12T00:00:00Z,57773.150000000001,58081.510000000002,54962.839999999997,57221.720000000001,3879844007,0.00047834
2021-03-13T00:00:00Z,57221.720000000001,61844,56078.230000000003,61188.389999999999,3755830728,0.00081828000000000001
2021-03-14T00:00:00Z,61188.379999999997,61724.790000000001,58966.779999999999,58968.309999999998,3404459772,0.00082010000000000004
2021-03-15T00:00:00Z,58976.080000000002,60633.43,54600,55605.199999999997,3292257281,0.00022573
2021-03-16T00:00:00Z,55605.199999999997,56938.290000000001,53271.339999999997,56900.75,3395601680,0.00035366999999999999
2021-03-17T00:00:00Z,56900.739999999998,58974.730000000003,54123.690000000002,58912.970000000001,3428081349,0.00030265000000000001
2021-03-18T00:00:00Z,58912.970000000001,60129.970000000001,57023,57648.160000000003,3348358527,0.00032006
2021-03-19T00:00:00Z,57641,59468,56270.739999999998,58030.010000000002,3439892137,0.00049280000000000005
2021-03-20T00:00:00Z,58030.010000000002,59880,57820.169999999998,58102.279999999999,3416270560,0.00031366
2021-03-21T00:00:00Z,58100.019999999997,58589.099999999999,55450.110000000001,57351.559999999998,3327689647,0.00051918999999999999
2021-03-22T00:00:00Z,57351.559999999998,58430.730000000003,53650,54083.25,3259777613,0.0002421
2021-03-23T00:00:00Z,54083.25,55830.900000000001,53000,54340.889999999999,3171196700,0.00053454000000000002
2021-03-24T00:00:00Z,54342.800000000003,57200,51700,52303.650000000001,3094426575,0.00011828
2021-03-25T00:00:00Z,52303.660000000003,53287,50427.559999999998,51293.779999999999,3212534459,0.00016000000000000001
2021-03-26T00:00:00Z,51293.779999999999,55073.459999999999,51214.599999999999,55025.589999999997,3277493796,0.0001
2021-03-27T00:00:00Z,55025.589999999997,56700.360000000001,53950,55817.139999999999,3203676368,0.0001
2021-03-28T00:00:00Z,55817.139999999999,56559.75,54691.839999999997,55777.629999999997,3466466411,0.0001
2021-03-29T00:00:00Z,55777.650000000001,58405.82,54800.010000000002,57635.470000000001,3761736122,0.00032026
2021-03-30T00:00:00Z,57635.459999999999,59368,57071.349999999999,58746.57,3770594214,0.00080754000000000004
2021-03-31T00:00:00Z,58746.57,59800,56769,58740.550000000003,3773546911,0.0010927700000000001
2021-04-01T00:00:00Z,58739.459999999999,59490,57935.449999999997,58720.440000000002,3909370978,0.00071058000000000004
2021-04-02T00:00:00Z,58720.449999999997,60200,58428.57,58950.010000000002,3876891310,0.00063267
2021-04-03T00:00:00Z,58950.010000000002,59791.720000000001,56880,57051.940000000002,3865080521,0.00052090000000000003
2021-04-04T00:00:00Z,57051.949999999997,58492.849999999999,56388,58202.010000000002,3894607493,0.00039463999999999998
2021-04-05T00:00:00Z,58202.010000000002,59272,56777.769999999997,59129.989999999998,3947756041,0.00097188999999999999
2021-04-06T00:00:00Z,59129.989999999998,59495.239999999998,57413.019999999997,57991.150000000001,3862127824,0.00057609000000000002
2021-04-07T00:00:00Z,57990.029999999999,58655,55473,55953.449999999997,3859175127,0.00040784000000000003
2021-04-08T00:00:00Z,55953.440000000002,58153.309999999998,55700,58077.519999999997,3844411642,0.00019610999999999999
2021-04-09T00:00:00Z,58077.519999999997,58894.900000000001,57654,58142.540000000001,4024526166,0.00012959000000000001
2021-04-10T00:00:00Z,58142.550000000003,61500,57900.010000000002,59769.129999999997,4124917867,0.00086735000000000002
2021-04-11T00:00:00Z,59769.129999999997,60699,59232.519999999997,60002.43,4293221603,0.00093793000000000001
2021-04-12T00:00:00Z,59998.800000000003,61300,59350.589999999997,59860,4691835713,0.00084071999999999999
2021-04-13T00:00:00Z,59860.010000000002,63777.769999999997,59805.150000000001,63575,4556011646,0.00090507999999999995
2021-04-14T00:00:00Z,63575.010000000002,64854,61301,62959.529999999999,4535342766,0.00076334999999999999
2021-04-15T00:00:00Z,62959.529999999999,63800,62020,63159.980000000003,4470383430,0.00109647
2021-04-16T00:00:00Z,63158.739999999998,63520.610000000001,60000,61334.800000000003,4485146915,0.00054905999999999998
2021-04-17T00:00:00Z,61334.809999999998,62506.050000000003,59580.910000000003,60006.660000000003,3879844007,0.00081623999999999998
2021-04-18T00:00:00Z,60006.669999999998,60499,50931.300000000003,56150.010000000002,3696776786,0.0001
2021-04-19T00:00:00Z,56150.010000000002,57526.809999999998,54221.580000000002,55633.139999999999,3667249815,0.0001
2021-04-20T00:00:00Z,55633.139999999999,57076.239999999998,53329.959999999999,56425,3546189233,0.0001
2021-04-21T00:00:00Z,56425,56757.910000000003,53536.019999999997,53787.629999999997,3433986743,0.0001
2021-04-22T00:00:00Z,53787.620000000003,55521.480000000003,50500,51690.959999999999,3277493796,0.0001
2021-04-23T00:00:00Z,51690.949999999997,52131.849999999999,47500,51125.139999999999,3230250642,0.0001
2021-04-24T00:00:00Z,51110.559999999998,51166.220000000001,48657.139999999999,50047.839999999997,3218439854,0.00021699999999999999
2021-04-25T00:00:00Z,50047.839999999997,50567.910000000003,46930,49066.769999999997,3097379272,0.0001
2021-04-26T00:00:00Z,49066.760000000002,54356.620000000003,48753.440000000002,54001.389999999999,3180054791,0.0001
2021-04-27T00:00:00Z,54001.379999999997,55460,53222,55011.970000000001,3118048152,0.0001
2021-04-28T00:00:00Z,55011.970000000001,56428,53813.160000000003,54846.220000000001,3180054791,0.0001
2021-04-29T00:00:00Z,54846.230000000003,55195.839999999997,52330.940000000002,53555,3401507075,0.0001
2021-04-30T00:00:00Z,53555,57963,53013.010000000002,57694.269999999997,3380838195,0.00011209000000000001
2021-05-01T00:00:00Z,57697.25,58458.07,56956.139999999999,57800.370000000003,3401507075,0.00015819
2021-05-02T00:00:00Z,57797.349999999999,57911.019999999997,56035.25,56578.209999999999,3436939440,0.00040313000000000002
2021-05-03T00:00:00Z,56578.209999999999,58981.440000000002,56435,57169.389999999999,3298162676,0.00050958999999999998
2021-05-04T00:00:00Z,57169.389999999999,57200,53046.690000000002,53200.010000000002,3286351887,0.00044701000000000002
2021-05-05T00:00:00Z,53205.050000000003,58069.82,52900,57436.110000000001,3336547738,0.00076121000000000001
2021-05-06T00:00:00Z,57436.110000000001,58360,55200,56393.68,3298162676,0.00044644999999999998
2021-05-07T00:00:00Z,56393.68,58650,55241.629999999997,57314.75,3369027406,0.00059369999999999996
2021-05-08T00:00:00Z,57315.489999999998,59500,56900,58862.050000000003,3357216618,0.00048941999999999996
2021-05-09T00:00:00Z,58866.529999999999,59300,56235.660000000003,58240.839999999997,3410365166,0.00033531000000000001
2021-05-10T00:00:00Z,58240.830000000002,59500,53400,55816.139999999999,3363122012,0.00039556999999999998
2021-05-11T00:00:00Z,55816.139999999999,56862.43,54370,56670.019999999997,3360169315,0.00016658999999999999
2021-05-12T00:00:00Z,56670.019999999997,58000.010000000002,48600,49631.32,2994034873,0.00011637999999999999
2021-05-13T00:00:00Z,49537.150000000001,51367.190000000002,46000,49670.970000000001,2911359354,0.00040039999999999997
2021-05-14T00:00:00Z,49671.919999999998,51483,48799.75,49841.449999999997,2982224085,0.0001
2021-05-15T00:00:00Z,49844.160000000003,50700,46555,46762.989999999998,2949744416,0.00040247999999999998
2021-05-16T00:00:00Z,46762.989999999998,49795.889999999999,43825.389999999999,46431.5,2843447320,0.0001
2021-05-17T00:00:00Z,46426.830000000002,46686,42001,43538.040000000001,2843447320,0.00054642999999999998
2021-05-18T00:00:00Z,43538.019999999997,45799.290000000001,42250.019999999997,42849.779999999999,1874962667,0.0001
2021-05-19T00:00:00Z,42849.779999999999,43584.900000000001,30000,36690.089999999997,1910395032,0.0001
2021-05-20T00:00:00Z,36671.230000000003,42451.669999999998,34850,40526.639999999999,1851341090,0.0001
2021-05-21T00:00:00Z,40525.389999999999,42200,33488,37252.010000000002,1756854782,-0.00024447999999999999
2021-05-22T00:00:00Z,37263.349999999999,38829,35200.620000000003,37449.730000000003,1677131960,-5.011e-05
2021-05-23T00:00:00Z,37458.510000000002,38270.639999999999,31111.009999999998,34655.25,1765712874,-8.5340000000000006e-05
2021-05-24T00:00:00Z,34681.440000000002,39920,34031,38796.290000000001,1759807480,0.0001
2021-05-25T00:00:00Z,38810.989999999998,39791.769999999997,36419.620000000003,38324.720000000001,1827719513,0.0001
2021-05-26T00:00:00Z,38324.720000000001,40841,37800.440000000002,39241.910000000003,1795239845,0.0001
2021-05-27T00:00:00Z,39241.919999999998,40411.139999999999,37134.269999999997,38529.980000000003,1883820758,0.0001
2021-05-28T00:00:00Z,38529.989999999998,38877.830000000002,34684,35663.489999999998,1789334451,0.0001
2021-05-29T00:00:00Z,35661.790000000001,37338.580000000002,33632.760000000002,34605.150000000001,1789334451,0.0001
2021-05-30T00:00:00Z,34605.150000000001,36488,33379,35641.269999999997,1916300427,0.0001
2021-05-31T00:00:00Z,35641.260000000002,37499,34153.839999999997,37253.809999999998,1833624907,0.0001
2021-06-01T00:00:00Z,37253.82,37894.809999999998,35666,36693.089999999997,1934016609,0.0001
2021-06-02T00:00:00Z,36694.849999999999,38225,35920,37568.68,2078698768,0.0001
2021-06-03T00:00:00Z,37568.68,39476,37170,39246.790000000001,1996023249,0.0001
2021-06-04T00:00:00Z,39246.779999999999,39289.07,35555.150000000001,36829,1948780095,0.0001
2021-06-05T00:00:00Z,36829.150000000001,37925,34800,35513.199999999997,1981259763,0.0001
2021-06-06T00:00:00Z,35516.07,36480,35222,35796.309999999998,2031455614,0.0001
2021-06-07T00:00:00Z,35796.309999999998,36900,33300,33552.790000000001,1942874701,0.0001
2021-06-08T00:00:00Z,33556.959999999999,34068.010000000002,31000,33380.809999999998,2226333624,0.0001
2021-06-09T00:00:00Z,33380.800000000003,37534.790000000001,32396.82,37388.050000000003,2049171797,-0.00016793
2021-06-10T00:00:00Z,37388.050000000003,38491,35782,36675.720000000001,2122989225,0.0001
2021-06-11T00:00:00Z,36677.830000000002,37680.400000000001,35936.769999999997,37331.980000000003,2010786734,-7.7799999999999994e-05
2021-06-12T00:00:00Z,37331.980000000003,37463.629999999997,34600.360000000001,35546.110000000001,2270624080,9.6399999999999999e-05
2021-06-13T00:00:00Z,35546.120000000003,39380,34757,39020.57,2344441508,0.0001
2021-06-14T00:00:00Z,39020.559999999998,41064.050000000003,38730,40516.290000000001,2356252296,8.0019999999999996e-05
2021-06-15T00:00:00Z,40516.279999999999,41330,39506.400000000001,40144.040000000001,2335583417,0.0001
2021-06-16T00:00:00Z,40143.800000000003,40527.139999999999,38116.010000000002,38349.010000000002,2362157691,0.0001
2021-06-17T00:00:00Z,38349,39559.879999999997,37365,38092.970000000001,2190901258,5.342e-05
2021-06-18T00:00:00Z,38092.970000000001,38202.839999999997,35129.290000000001,35819.839999999997,2217475532,-5.2049999999999998e-05
2021-06-19T00:00:00Z,35820.480000000003,36457,34803.519999999997,35483.720000000001,2158421590,0.0001
2021-06-20T00:00:00Z,35483.720000000001,36137.720000000001,33336,35600.160000000003,1919253124,-1.6169999999999999e-05
2021-06-21T00:00:00Z,35600.169999999998,35750,31251.23,31608.93,1939922004,7.9469999999999996e-05
2021-06-22T00:00:00Z,31614.119999999999,33298.779999999999,28805,32509.560000000001,1963543580,6.7000000000000004e-07
2021-06-23T00:00:00Z,32509.560000000001,34881,31683,33678.07,2034408311,-7.7849999999999995e-05
2021-06-24T00:00:00Z,33675.07,35298,32286.57,34663.089999999997,1922205821,2.372e-05
2021-06-25T00:00:00Z,34663.080000000002,35500,31275,31584.450000000001,1907442335,-0.00011029
2021-06-26T00:00:00Z,31576.09,32730,30151,32283.650000000001,2025550220,-0.00023578
2021-06-27T00:00:00Z,32283.650000000001,34749,31973.450000000001,34700.339999999997,1990117854,-2.9139999999999999e-05
2021-06-28T00:00:00Z,34702.489999999998,35297.709999999999,33862.720000000001,34494.889999999999,2167279681,8.3460000000000004e-05
2021-06-29T00:00:00Z,34494.889999999999,36600,34225.43,35911.730000000003,2060982585,0.0001
2021-06-30T00:00:00Z,35911.720000000001,36100,34017.550000000003,35045,2037361008,0.0001
2021-07-01T00:00:00Z,35045,35057.57,32711,33504.690000000002,2072793374,8.3040000000000005e-05
2021-07-02T00:00:00Z,33502.330000000002,33977.040000000001,32699,33786.550000000003,2125941922,-4.8659999999999998e-05
2021-07-03T00:00:00Z,33786.540000000001,34945.610000000001,33316.730000000003,34669.129999999997,2164326984,3.235e-05
2021-07-04T00:00:00Z,34669.120000000003,35967.849999999999,34357.150000000001,35286.510000000002,2075746071,0.0001
2021-07-05T00:00:00Z,35288.129999999997,35293.779999999999,33125.550000000003,33690.139999999999,2093462253,-6.81e-06
2021-07-06T00:00:00Z,33690.150000000001,35118.879999999997,33532,34220.010000000002,2087556859,-0.00013362000000000001
2021-07-07T00:00:00Z,34220.019999999997,35059.089999999997,33777.769999999997,33862.120000000003,2099367648,1.382e-05
2021-07-08T00:00:00Z,33862.110000000001,33929.639999999999,32077,32875.709999999999,2114131133,-0.00010885
2021-07-09T00:00:00Z,32875.709999999999,34100,32261.07,33815.809999999998,2105273042,-8.0999999999999997e-07
2021-07-10T00:00:00Z,33815.809999999998,34262,33004.779999999999,33502.870000000003,2190901258,7.7849999999999995e-05
2021-07-11T00:00:00Z,33502.870000000003,34666,33306.470000000001,34258.989999999998,2146610801,8.8510000000000005e-05
2021-07-12T00:00:00Z,34259,34678.43,32658.34,33086.629999999997,2122989225,0.0001
2021-07-13T00:00:00Z,33086.940000000002,33340,32202.25,32729.77,2084604162,0.0001
2021-07-14T00:00:00Z,32729.119999999999,33114.029999999999,31550,32820.019999999997,2176137773,-4.8829999999999998e-05
2021-07-15T00:00:00Z,32820.029999999999,33185.25,31133,31880,2081651465,-0.00011529
2021-07-16T00:00:00Z,31874.490000000002,32249.18,31020,31383.869999999999,2134800013,0.0001
2021-07-17T00:00:00Z,31383.860000000001,31955.919999999998,31164.310000000001,31520.07,2140705407,0.0001
2021-07-18T00:00:00Z,31520.07,32435,31108.970000000001,31778.560000000001,2264718686,-7.5099999999999996e-05
2021-07-19T00:00:00Z,31778.57,31899,30407.439999999999,30839.650000000001,2167279681,-0.00015687000000000001
2021-07-20T00:00:00Z,30839.650000000001,31063.07,29278,29790.349999999999,2232239018,-0.00022869000000000001
2021-07-21T00:00:00Z,29790.34,32858,29482.610000000001,32144.509999999998,2223380926,-0.00016260999999999999
2021-07-22T00:00:00Z,32144.509999999998,32591.349999999999,31708,32287.830000000002,2391684662,3.4400000000000001e-06
2021-07-23T00:00:00Z,32287.580000000002,33650,31924.32,33634.089999999997,2495029061,-7.2459999999999994e-05
2021-07-24T00:00:00Z,33634.099999999999,34500,33401.139999999999,34258.139999999999,2651522008,-0.00025684999999999998
2021-07-25T00:00:00Z,34261.510000000002,35398,33851.120000000003,35381.019999999997,2320819931,-0.00054841000000000004
2021-07-26T00:00:00Z,35381.019999999997,40550,35205.779999999999,37237.599999999999,2433022421,0.0001
2021-07-27T00:00:00Z,37241.330000000002,39542.610000000001,36383,39457.870000000003,2512745244,-2.037e-05
2021-07-28T00:00:00Z,39456.610000000001,40900,38772,40019.559999999998,2554083003,1.4929999999999999e-05
2021-07-29T00:00:00Z,40019.57,40640,39200,40016.480000000003,2660380099,0.0001
2021-07-30T00:00:00Z,40018.489999999998,42316.709999999999,38313.230000000003,42206.370000000003,2616089642,0.0001
2021-07-31T00:00:00Z,42206.360000000001,42448,41000.150000000001,41461.830000000002,2371015782,0.0001
2021-08-01T00:00:00Z,41461.839999999997,42599,39422.010000000002,39845.440000000002,2335583417,0.0001
2021-08-02T00:00:00Z,39850.269999999997,40480.010000000002,38690,39147.82,2379873873,0.0001
2021-08-03T00:00:00Z,39146.860000000001,39780,37642.029999999999,38207.050000000003,2453691301,0.0001
2021-08-04T00:00:00Z,38207.040000000001,39969.660000000003,37508.559999999998,39723.18,2409400845,0.0001
2021-08-05T00:00:00Z,39723.169999999998,41350,37332.699999999997,40862.459999999999,2678096282,0.0001
2021-08-06T00:00:00Z,40862.459999999999,43392.43,39853.860000000001,42836.870000000003,2843447320,0.0001
2021-08-07T00:00:00Z,42836.870000000003,44700,42446.410000000003,44572.540000000001,2728292133,0.0001
2021-08-08T00:00:00Z,44572.540000000001,45310,43261,43794.370000000003,2955649811,0.0001
2021-08-09T00:00:00Z,43794.360000000001,46454.150000000001,42779,46253.400000000001,2967460599,0.0001
2021-08-10T00:00:00Z,46248.870000000003,46700,44589.459999999999,45584.989999999998,2967460599,0.0001
2021-08-11T00:00:00Z,45585,46743.470000000001,45341.139999999999,45511,2911359354,0.0001
2021-08-12T00:00:00Z,45510.669999999998,46218.120000000003,43770,44399,3011751056,0.0001
2021-08-13T00:00:00Z,44400.059999999998,47886,44217.389999999999,47800,2982224085,0.0001
2021-08-14T00:00:00Z,47799.989999999998,48144,45971.029999999999,47068.510000000002,2932028234,0.0001
2021-08-15T00:00:00Z,47068.5,47372.269999999997,45500,46973.82,3023561844,0.0001
2021-08-16T00:00:00Z,46973.82,48053.830000000002,45660,45901.290000000001,2964507902,0.0001
2021-08-17T00:00:00Z,45901.300000000003,47160,44376,44695.949999999997,2887737777,0.0001
2021-08-18T00:00:00Z,44695.949999999997,46000,44203.279999999999,44705.290000000001,2988129479,0.0001
2021-08-19T00:00:00Z,44699.370000000003,47033,43927.699999999997,46760.620000000003,3268635705,0.0001
2021-08-20T00:00:00Z,46760.620000000003,49382.989999999998,46622.989999999998,49322.470000000001,3286351887,0.0001
2021-08-21T00:00:00Z,49322.470000000001,49757.040000000001,48222,48821.870000000003,3289304584,0.0001
2021-08-22T00:00:00Z,48821.879999999997,49500,48050,49239.220000000001,3398554378,0.0001
2021-08-23T00:00:00Z,49239.220000000001,50500,49029,49488.849999999999,3439892137,0.00029300000000000002
2021-08-24T00:00:00Z,49488.849999999999,49860,47600,47674.010000000002,3369027406,0.00019568
2021-08-25T00:00:00Z,47674.010000000002,49264.300000000003,47126.279999999999,48973.32,3268635705,0.0001
2021-08-26T00:00:00Z,48973.32,49352.839999999997,46250,46843.870000000003,3271588402,0.0001
2021-08-27T00:00:00Z,46843.860000000001,49149.93,46348,49069.900000000001,3315878858,0.0001
2021-08-28T00:00:00Z,49069.900000000001,49299,48346.879999999997,48895.349999999999,3280446493,0.0001
2021-08-29T00:00:00Z,48895.349999999999,49632.269999999997,47762.540000000001,48767.830000000002,3242061431,0.0001
2021-08-30T00:00:00Z,48767.839999999997,48888.610000000001,46853,46982.910000000003,3318831555,0.00036162
2021-08-31T00:00:00Z,46982.910000000003,48246.110000000001,46700,47100.889999999999,3386743589,0.00044618000000000001
2021-09-01T00:00:00Z,47100.889999999999,49156,46512,48810.519999999997,3569810810,0.00040519999999999998
2021-09-02T00:00:00Z,48810.510000000002,50450.129999999997,48584.059999999998,49246.639999999999,3581621599,0.00047856
2021-09-03T00:00:00Z,49246.629999999997,51000,48316.839999999997,49999.139999999999,3487135291,0.00043928000000000001
2021-09-04T00:00:00Z,49998,50535.690000000002,49370,49915.639999999999,3841458945,0.0001
2021-09-05T00:00:00Z,49917.540000000001,51900,49450,51756.879999999997,3927087161,0.00026782999999999999
2021-09-06T00:00:00Z,51756.879999999997,52780,50969.330000000002,52663.900000000001,2793251469,0.0001
2021-09-07T00:00:00Z,52666.199999999997,52920,42843.050000000003,46863.730000000003,2734197527,0.0001
2021-09-08T00:00:00Z,46868.57,47340.989999999998,44412.019999999997,46048.309999999998,2763724498,0.0001
2021-09-09T00:00:00Z,46048.309999999998,47399.970000000001,45513.080000000002,46395.139999999999,2754866407,0.0001
2021-09-10T00:00:00Z,46395.139999999999,47033,44132.290000000001,44850.910000000003,2740102921,0.0001
2021-09-11T00:00:00Z,44842.199999999997,45987.93,44722.220000000001,45173.690000000002,2769629892,0.0001
2021-09-12T00:00:00Z,45173.68,46460,44742.059999999998,46025.239999999998,2775535287,0.0001
2021-09-13T00:00:00Z,46025.230000000003,46880,43370,44940.730000000003,2958602508,0.0001
2021-09-14T00:00:00Z,44940.720000000001,47250,44594.440000000002,47111.519999999997,3165291306,0.0001
2021-09-15T00:00:00Z,47103.279999999999,48500,46682.32,48121.410000000003,3032419935,0.0001
2021-09-16T00:00:00Z,48121.400000000001,48557,47021.099999999999,47737.82,3047183421,0.0001
2021-09-17T00:00:00Z,47737.809999999998,48150,46699.559999999998,47299.980000000003,3109190060,0.0001
2021-09-18T00:00:00Z,47299.980000000003,48843.199999999997,47035.559999999998,48292.739999999998,3088521181,0.0001
2021-09-19T00:00:00Z,48292.75,48372.830000000002,46829.18,47241.75,2793251469,0.0001
2021-09-20T00:00:00Z,47241.75,47347.25,42500,43015.620000000003,2512745244,0.0001
2021-09-21T00:00:00Z,43016.639999999999,43639,39600,40734.379999999997,2672190888,0.0001
2021-09-22T00:00:00Z,40734.089999999997,44000.550000000003,40565.389999999999,43543.610000000001,2743055618,4.744e-05
2021-09-23T00:00:00Z,43546.370000000003,44978,43069.089999999997,44865.260000000002,2598373460,-7.8559999999999993e-05
2021-09-24T00:00:00Z,44865.260000000002,45200,40675,42810.57,2589515368,0.0001
2021-09-25T00:00:00Z,42810.580000000002,42966.839999999997,41646.279999999999,42670.639999999999,2592468066,2.457e-05
2021-09-26T00:00:00Z,42670.629999999997,43950,40750,43160.900000000001,2580657277,0.0001
2021-09-27T00:00:00Z,43160.900000000001,44350,42098,42147.349999999999,2533414123,2.5490000000000002e-05
2021-09-28T00:00:00Z,42147.349999999999,42787.379999999997,40888,41026.540000000001,2630853128,4.4480000000000001e-05
2021-09-29T00:00:00Z,41025.010000000002,42590,40753.879999999997,41524.279999999999,2686954373,0.0001
2021-09-30T00:00:00Z,41524.290000000001,44141.370000000003,41410.169999999998,43824.099999999999,2955649811,2.2019999999999999e-05
2021-10-01T00:00:00Z,43820.010000000002,48495,43283.029999999999,48141.610000000001,2923170142,5.2769999999999998e-05
2021-10-02T00:00:00Z,48141.599999999999,48336.589999999997,47430.18,47634.900000000001,2932028234,0.0001
2021-10-03T00:00:00Z,47634.889999999999,49228.080000000002,47088,48200.010000000002,3020609147,0.0001
2021-10-04T00:00:00Z,48200.010000000002,49536.120000000003,46891,49224.940000000002,3304068070,0.0001
2021-10-05T00:00:00Z,49224.93,51886.300000000003,49022.400000000001,51471.989999999998,3321784253,0.0001
2021-10-06T00:00:00Z,51471.989999999998,55750,50382.410000000003,55315,3354263921,0.0001
2021-10-07T00:00:00Z,55315,55332.309999999998,53357,53785.220000000001,3342453132,0.00033378999999999999
2021-10-08T00:00:00Z,53785.220000000001,56100,53617.610000000001,53951.43,3389696286,0.0001
2021-10-09T00:00:00Z,53955.669999999998,55489,53661.669999999998,54949.720000000001,3463513714,0.0001
2021-10-10T00:00:00Z,54949.720000000001,56561.309999999998,54080,54659,3696776786,0.0001
2021-10-11T00:00:00Z,54659.010000000002,57839.040000000001,54415.059999999998,57471.349999999999,3581621599,0.0001
2021-10-12T00:00:00Z,57471.349999999999,57680,53879,55996.93,3622959358,0.0001
2021-10-13T00:00:00Z,55996.910000000003,57777,54167.190000000002,57367,3640675541,0.0001
2021-10-14T00:00:00Z,57370.830000000002,58532.540000000001,56818.050000000003,57347.940000000002,4021573468,0.0001
2021-10-15T00:00:00Z,57347.940000000002,62933,56850,61672.419999999998,4045195045,0.00048084000000000001
2021-10-16T00:00:00Z,61672.419999999998,62378.419999999998,60150,60875.57,4083580108,0.00031281000000000001
2021-10-17T00:00:00Z,60875.57,61718.389999999999,58963,61528.330000000002,4048147742,0.00038414999999999999
2021-10-18T00:00:00Z,61528.32,62695.779999999999,59844.449999999997,62009.839999999997,4384755213,0.0001
2021-10-19T00:00:00Z,62005.599999999999,64486,61322.220000000001,64280.589999999997,4594396708,0.0001
2021-10-20T00:00:00Z,64280.589999999997,67000,63481.400000000001,66001.410000000003,4372944425,0.00068926999999999997
2021-10-21T00:00:00Z,66001.399999999994,66639.740000000005,62000,62193.150000000001,4257789238,0.00033487000000000002
2021-10-22T00:00:00Z,62193.150000000001,63732.389999999999,60000,60688.220000000001,4204640689,0.00026183000000000001
2021-10-23T00:00:00Z,60688.230000000003,61747.639999999999,59562.150000000001,61286.75,4278458117,0.00030334999999999997
2021-10-24T00:00:00Z,61286.75,61500,59510.629999999997,60852.220000000001,4346370151,0.00048777
2021-10-25T00:00:00Z,60852.220000000001,63710.629999999997,60650,63078.779999999999,4310937786,0.00040991999999999998
2021-10-26T00:00:00Z,63078.779999999999,63293.480000000003,59817.550000000003,60328.809999999998,4057005834,0.00033175000000000001
2021-10-27T00:00:00Z,60328.809999999998,61496,58000,58413.440000000002,4051100440,0.00015574
2021-10-28T00:00:00Z,58413.440000000002,62499,57820,60575.889999999999,4222356872,0.0002352
2021-10-29T00:00:00Z,60575.900000000001,62980,60174.809999999998,62253.709999999999,4186924507,0.00016971999999999999
2021-10-30T00:00:00Z,62253.699999999997,62359.25,60673,61859.190000000002,4361133636,0.00019087999999999999
2021-10-31T00:00:00Z,61859.190000000002,62405.300000000003,59945.360000000001,61299.800000000003,4287316209,0.00032553999999999998
2021-11-01T00:00:00Z,61299.809999999998,62437.739999999998,59405,60911.110000000001,4479241521,0.00015524000000000001
2021-11-02T00:00:00Z,60911.120000000003,64270,60624.68,63219.989999999998,4446761853,0.00082070000000000005
2021-11-03T00:00:00Z,63220.57,63500,60382.760000000002,62896.480000000003,4378849819,0.00045987000000000003
2021-11-04T00:00:00Z,62896.489999999998,63086.309999999998,60677.010000000002,61395.010000000002,4361133636,0.00018372000000000001
2021-11-05T00:00:00Z,61395.010000000002,62595.720000000001,60721,60937.120000000003,4396566002,0.00053154999999999999
2021-11-06T00:00:00Z,60940.18,61560.489999999998,60050,61470.610000000001,4491052309,0.00017244
2021-11-07T00:00:00Z,61470.620000000003,63286.349999999999,61322.779999999999,63273.589999999997,4919193391,0.00025860999999999999
2021-11-08T00:00:00Z,63273.580000000002,67789,63273.580000000002,67525.830000000002,4892619117,0.00038683000000000001
2021-11-09T00:00:00Z,67525.820000000007,68524.25,66222.399999999994,66947.660000000003,4635734468,0.00037679
2021-11-10T00:00:00Z,66947.669999999998,69000,62822.900000000001,64882.43,4511721189,0.00023211
2021-11-11T00:00:00Z,64882.419999999998,65600.070000000007,64100,64774.260000000002,4476288824,0.00018008
2021-11-12T00:00:00Z,64774.25,65450.699999999997,62278,64122.230000000003,4488099612,0.00015442
2021-11-13T00:00:00Z,64122.220000000001,65000,63360.220000000001,64380,4615065588,0.00013961999999999999
2021-11-14T00:00:00Z,64380.010000000002,65550.509999999995,63576.269999999997,65519.099999999999,4733173473,0.00016126000000000001
2021-11-15T00:00:00Z,65519.110000000001,66401.820000000007,63400,63606.739999999998,4358180939,0.00035997999999999998
2021-11-16T00:00:00Z,63606.730000000003,63617.309999999998,58574.07,60058.870000000003,4346370151,0.0001
2021-11-17T00:00:00Z,60058.870000000003,60840.230000000003,58373,60344.870000000003,4228262266,0.0001
2021-11-18T00:00:00Z,60344.860000000001,60976,56474.260000000002,56891.620000000003,4181019113,0.0001
2021-11-19T00:00:00Z,56891.620000000003,58320,55600,58052.239999999998,4237120358,0.0001
2021-11-20T00:00:00Z,58057.099999999999,59845,57353,59707.510000000002,4160350233,0.0001
2021-11-21T00:00:00Z,59707.519999999997,60029.760000000002,58486.650000000001,58622.019999999997,4136728656,0.0001
2021-11-22T00:00:00Z,58617.699999999997,59444,55610,56247.18,4110154382,0.0001
2021-11-23T00:00:00Z,56243.830000000002,58009.989999999998,55317,57541.269999999997,4121965170,0.0001
2021-11-24T00:00:00Z,57541.260000000002,57735,55837,57138.290000000001,4243025752,0.00014548999999999999
2021-11-25T00:00:00Z,57138.290000000001,59398.900000000001,57000,58960.360000000001,4089485502,0.00013862999999999999
2021-11-26T00:00:00Z,58960.370000000003,59150,53500,53726.529999999999,4000904589,0.00010823999999999999
2021-11-27T00:00:00Z,53723.720000000001,55280,53610,54721.029999999999,4077674714,0.0001
2021-11-28T00:00:00Z,54716.470000000001,57445.050000000003,53256.639999999999,57274.879999999997,4119012473,0.0001
2021-11-29T00:00:00Z,57274.889999999999,58865.970000000001,56666.669999999998,57776.25,4000904589,0.00027809999999999998
2021-11-30T00:00:00Z,57776.25,59176.989999999998,55875.550000000003,56950.559999999998,4068816622,0.00012689
2021-12-01T00:00:00Z,56950.559999999998,59053.550000000003,56458.010000000002,57184.07,4012715377,0.00015951
2021-12-02T00:00:00Z,57184.07,57375.470000000001,55777.769999999997,56480.339999999997,3888702098,0.0001
2021-12-03T00:00:00Z,56484.260000000002,57600,51680,53601.050000000003,2766677195,0.0001
2021-12-04T00:00:00Z,53601.050000000003,53859.099999999999,42000.300000000003,49152.470000000001,2716481344,8.2719999999999994e-05
2021-12-05T00:00:00Z,49152.459999999999,49699.050000000003,47727.209999999999,49396.330000000002,2816873046,0.0001
2021-12-06T00:00:00Z,49396.32,50891.110000000001,47100,50441.919999999998,2890690474,0.0001
2021-12-07T00:00:00Z,50441.910000000003,51936.330000000002,50039.739999999998,50588.949999999997,2878879686,0.0001
2021-12-08T00:00:00Z,50588.949999999997,51200,48600,50471.190000000002,2837541926,0.0001
2021-12-09T00:00:00Z,50471.190000000002,50797.760000000002,47320,47545.589999999997,2725339436,0.0001
2021-12-10T00:00:00Z,47535.900000000001,50125,46852,47140.540000000001,2855258109,0.0001
2021-12-11T00:00:00Z,47140.540000000001,49485.709999999999,46751,49389.989999999998,2999940267,0.0001
2021-12-12T00:00:00Z,49389.989999999998,50777,48638,50053.900000000001,2849352714,0.0001
2021-12-13T00:00:00Z,50053.900000000001,50189.970000000001,45672.75,46702.75,2896595868,-4.9300000000000002e-06
2021-12-14T00:00:00Z,46702.760000000002,48700.410000000003,46290,48343.279999999999,2934980931,0.0001
2021-12-15T00:00:00Z,48336.949999999997,49500,46547,48864.980000000003,2985176782,0.0001
2021-12-16T00:00:00Z,48864.980000000003,49436.43,47511,47632.379999999997,2908406657,0.0001
2021-12-17T00:00:00Z,47632.379999999997,47995.959999999999,45456,46131.199999999997,2976318690,9.1189999999999999e-05
2021-12-18T00:00:00Z,46133.830000000002,47392.370000000003,45500,46834.480000000003,3014703753,7.08e-05
2021-12-19T00:00:00Z,46834.470000000001,48300.010000000002,46406.910000000003,46681.230000000003,3123953546,0.0001
2021-12-20T00:00:00Z,46681.239999999998,47537.57,45558.849999999999,46914.160000000003,3436939440,9.1840000000000002e-05
2021-12-21T00:00:00Z,46914.169999999998,49328.959999999999,46630,48889.879999999997,3392648983,0.0001
2021-12-22T00:00:00Z,48887.589999999997,49576.129999999997,48421.870000000003,48588.160000000003,3572763507,9.7200000000000004e-05
2021-12-23T00:00:00Z,48588.169999999998,51375,47920.419999999998,50838.809999999998,3569810810,0.0001
2021-12-24T00:00:00Z,50838.82,51810,50384.43,50820,3587526993,0.0001
2021-12-25T00:00:00Z,50819.989999999998,51156.230000000003,50142.32,50399.660000000003,3593432387,0.0001
2021-12-26T00:00:00Z,50399.669999999998,51280,49412,50775.489999999998,3620006661,0.0001
2021-12-27T00:00:00Z,50775.480000000003,52088,50449,50701.440000000002,3516662262,0.0001
2021-12-28T00:00:00Z,50701.440000000002,50704.050000000003,47313.010000000002,47543.739999999998,3504851474,0.0001
2021-12-29T00:00:00Z,47543.739999999998,48139.080000000002,46096.989999999998,46464.660000000003,3537331142,0.0001
2021-12-30T00:00:00Z,46464.660000000003,47900,45900,47120.870000000003,3425128652,-3.1019999999999998e-05
2021-12-31T00:00:00Z,47120.879999999997,48548.260000000002,45678,46216.93,3433986743,0.0001
2022-01-01T00:00:00Z,46216.93,47954.629999999997,46208.370000000003,47722.650000000001,3422175954,0.0001
2022-01-02T00:00:00Z,47722.660000000003,47990,46654,47286.18,3540283839,0.0001
2022-01-03T00:00:00Z,47286.18,47570,45696,46446.099999999999,3552094627,0.0001
2022-01-04T00:00:00Z,46446.099999999999,47557.540000000001,45500,45832.010000000002,3345405829,0.0001
2022-01-05T00:00:00Z,45832.010000000002,47070,42500,43451.129999999997,3363122012,0.0001
2022-01-06T00:00:00Z,43451.139999999999,43816,42430.580000000002,43082.309999999998,3194818277,0.0001
2022-01-07T00:00:00Z,43082.300000000003,43145.830000000002,40610,41566.480000000003,3177102094,0.0001
2022-01-08T00:00:00Z,41566.480000000003,42300,40501,41679.739999999998,3194818277,0.0001
2022-01-09T00:00:00Z,41679.739999999998,42786.699999999997,41200.019999999997,41864.620000000003,3144622426,0.0001
2022-01-10T00:00:00Z,41864.620000000003,42248.5,39650,41822.489999999998,3215487156,0.0001
2022-01-11T00:00:00Z,41822.489999999998,43100,41268.93,42729.290000000001,3271588402,-4.7719999999999997e-05
2022-01-12T00:00:00Z,42729.290000000001,44322,42450,43902.660000000003,3188912882,-7.5060000000000003e-05
2022-01-13T00:00:00Z,43902.650000000001,44500,42311.220000000001,42560.110000000001,3162338608,5.9200000000000001e-06
2022-01-14T00:00:00Z,42558.349999999999,43448.779999999999,41725.949999999997,43059.959999999999,3180054791,2.2819999999999998e-05
2022-01-15T00:00:00Z,43059.959999999999,43800,42555,43084.290000000001,3129858940,9.0699999999999996e-05
2022-01-16T00:00:00Z,43084.290000000001,43475,42581.790000000001,43071.660000000003,3144622426,1.751e-05
2022-01-17T00:00:00Z,43071.660000000003,43176.18,41540.419999999998,42201.620000000003,3132811637,0.0001
2022-01-18T00:00:00Z,42201.629999999997,42691,41250,42352.120000000003,3132811637,4.973e-05
2022-01-19T00:00:00Z,42352.120000000003,42559.129999999997,41138.559999999998,41660.010000000002,3085568484,0.0001
2022-01-20T00:00:00Z,41660,43505,40553.309999999998,40680.910000000003,2619042340,0.0001
2022-01-21T00:00:00Z,40680.919999999998,41100,35440.449999999997,36445.309999999998,2524556032,-1.0509999999999999e-05
2022-01-22T00:00:00Z,36445.309999999998,36835.220000000001,34008,35071.419999999998,2624947734,0.0001
2022-01-23T00:00:00Z,35071.419999999998,36499,34601.010000000002,36244.550000000003,2592468066,3.4799999999999999e-05
2022-01-24T00:00:00Z,36244.550000000003,37550,32917.169999999998,36660.349999999999,2678096282,0.0001
2022-01-25T00:00:00Z,36660.349999999999,37545.139999999999,35701,36958.32,2604278854,6.7599999999999997e-06
2022-01-26T00:00:00Z,36958.32,38919.980000000003,36234.629999999997,36809.339999999997,2592468066,-4.8690000000000003e-05
2022-01-27T00:00:00Z,36807.239999999998,37234.470000000001,35507.010000000002,37160.099999999999,2651522008,-4.9300000000000002e-06
2022-01-28T00:00:00Z,37160.110000000001,38000,36155.010000000002,37716.559999999998,2684001676,-1.093e-05
2022-01-29T00:00:00Z,37716.57,38720.739999999998,37268.440000000002,38166.839999999997,2675143585,6.05e-05
2022-01-30T00:00:00Z,38166.830000000002,38359.260000000002,37351.629999999997,37881.760000000002,2858210806,8.9270000000000004e-05
2022-01-31T00:00:00Z,37881.75,38744,36632.610000000001,38466.900000000001,2775535287,-4.0000000000000003e-05
2022-02-01T00:00:00Z,38466.900000000001,39265.199999999997,38000,38694.589999999997,2645616614,-2.9050000000000001e-05
2022-02-02T00:00:00Z,38694.589999999997,38855.919999999998,36586.949999999997,36896.360000000001,2666285493,-7.716e-05
2022-02-03T00:00:00Z,36896.370000000003,37387,36250,37311.610000000001,2994034873,1.4620000000000001e-05
2022-02-04T00:00:00Z,37311.980000000003,41772.330000000002,37026.730000000003,41574.25,2970413296,7.4569999999999999e-05
2022-02-05T00:00:00Z,41571.699999999997,41913.690000000002,40843.010000000002,41382.589999999997,3058994209,0.0001
2022-02-06T00:00:00Z,41382.599999999999,42656,41116.559999999998,42380.870000000003,3153480517,1.4769999999999999e-05
2022-02-07T00:00:00Z,42380.870000000003,44500.5,41645.849999999999,43839.989999999998,3058994209,0.0001
2022-02-08T00:00:00Z,43839.989999999998,45492,42666,44042.989999999998,3032419935,8.2159999999999999e-05
2022-02-09T00:00:00Z,44043,44799,43117.919999999998,44372.720000000001,2940886325,0.0001
2022-02-10T00:00:00Z,44372.709999999999,45821,43174.010000000002,43495.440000000002,2872974291,3.8949999999999998e-05
2022-02-11T00:00:00Z,43495.440000000002,43920,41938.510000000002,42373.730000000003,2858210806,0.0001
2022-02-12T00:00:00Z,42373.730000000003,43079.489999999998,41688.879999999997,42217.870000000003,2858210806,8.0469999999999994e-05
2022-02-13T00:00:00Z,42217.870000000003,42760,41870,42053.660000000003,2958602508,9.7170000000000006e-05
2022-02-14T00:00:00Z,42053.650000000001,42842.400000000001,41550.559999999998,42535.940000000002,3191865580,0.0001
2022-02-15T00:00:00Z,42535.940000000002,44751.400000000001,42427.029999999999,44544.860000000001,3100331969,0.0001
2022-02-16T00:00:00Z,44544.849999999999,44549.970000000001,43307,43873.559999999998,2858210806,0.0001
2022-02-17T00:00:00Z,43873.559999999998,44164.709999999999,40073.209999999999,40515.699999999997,2766677195,-4.3800000000000004e-06
2022-02-18T00:00:00Z,40515.709999999999,40959.879999999997,39450,39974.440000000002,2805062258,0.0001
2022-02-19T00:00:00Z,39974.449999999997,40444.32,39639.029999999999,40079.169999999998,2701717859,3.023e-05
2022-02-20T00:00:00Z,40079.169999999998,40125.440000000002,38000,38386.889999999999,2586562671,6.4999999999999994e-05
2022-02-21T00:00:00Z,38386.889999999999,39494.349999999999,36800,37008.160000000003,2692859767,-5.3569999999999997e-05
2022-02-22T00:00:00Z,37008.160000000003,38429,36350,38230.330000000002,2610184248,-2.6230000000000001e-05
2022-02-23T00:00:00Z,38230.330000000002,39249.93,37036.790000000001,37250.010000000002,2486170969,6.4750000000000002e-05
2022-02-24T00:00:00Z,37250.019999999997,39843,34322.279999999999,38327.209999999999,2586562671,0.0001
2022-02-25T00:00:00Z,38328.68,39683.529999999999,38014.370000000003,39219.169999999998,2598373460,9.3319999999999994e-05
2022-02-26T00:00:00Z,39219.160000000003,40348.449999999997,38573.18,39116.720000000001,2495029061,5.5739999999999998e-05
2022-02-27T00:00:00Z,39116.730000000003,39855.699999999997,37000,37699.07,2805062258,-0.00021167000000000001
2022-02-28T00:00:00Z,37699.080000000002,44225.839999999997,37450.169999999998,43160,2955649811,0.0001
2022-03-01T00:00:00Z,43160,44949,42809.980000000003,44421.199999999997,2914312051,-5.0699999999999997e-06
2022-03-02T00:00:00Z,44421.199999999997,45400,43334.089999999997,43892.980000000003,2864116200,0.0001
2022-03-03T00:00:00Z,43892.989999999998,44101.120000000003,41832.279999999999,42454,2654474705,0.0001
2022-03-04T00:00:00Z,42454,42527.300000000003,38550,39148.660000000003,2692859767,0.0001
2022-03-05T00:00:00Z,39148.650000000001,39613.239999999998,38407.589999999997,39397.959999999999,2562941094,4.1149999999999997e-05
2022-03-06T00:00:00Z,39397.970000000001,39693.870000000003,38088.57,38420.809999999998,2462549393,3.18e-06
2022-03-07T00:00:00Z,38420.800000000003,39547.57,37155,37988,2548177609,3.3779999999999998e-05
2022-03-08T00:00:00Z,37988.010000000002,39362.080000000002,37867.650000000001,38730.629999999997,2861163503,6.7760000000000002e-05
2022-03-09T00:00:00Z,38730.629999999997,42594.059999999998,38656.449999999997,41941.709999999999,2601326157,0.0001
2022-03-10T00:00:00Z,41941.699999999997,42039.629999999997,38539.730000000003,39422,2619042340,-9.8079999999999996e-05
2022-03-11T00:00:00Z,39422.010000000002,40236.260000000002,38223.599999999999,38729.57,2669238191,-3.0699999999999998e-06
2022-03-12T00:00:00Z,38729.57,39486.709999999999,38660.519999999997,38807.360000000001,2707623253,-5.855e-05
2022-03-13T00:00:00Z,38807.349999999999,39310,37578.510000000002,37777.339999999997,2763724498,-8.0090000000000001e-05
2022-03-14T00:00:00Z,37777.349999999999,39947.120000000003,37555,39671.370000000003,2825731138,5.7259999999999997e-05
2022-03-15T00:00:00Z,39671.370000000003,39887.610000000001,38098.330000000002,39280.330000000002,2881832383,0.0001
2022-03-16T00:00:00Z,39280.330000000002,41718,38828.480000000003,41114,2893643171,0.0001
2022-03-17T00:00:00Z,41114.010000000002,41478.82,40500,40917.900000000001,2991082176,0.0001
2022-03-18T00:00:00Z,40917.889999999999,42325.019999999997,40135.040000000001,41757.510000000002,3026514541,0.0001
2022-03-19T00:00:00Z,41757.510000000002,42400,41499.290000000001,42201.129999999997,2911359354,0.0001
2022-03-20T00:00:00Z,42201.129999999997,42296.260000000002,40911,41262.110000000001,2893643171,0.0001
2022-03-21T00:00:00Z,41262.110000000001,41544.220000000001,40467.940000000002,41002.25,2985176782,0.0001
2022-03-22T00:00:00Z,41002.260000000002,43361,40875.510000000002,42364.129999999997,2946791719,0.0001
2022-03-23T00:00:00Z,42364.129999999997,43025.959999999999,41751.470000000001,42882.760000000002,3336547738,1.664e-05
2022-03-24T00:00:00Z,42882.760000000002,44220.889999999999,42560.459999999999,43991.459999999999,3336547738,6.7000000000000002e-06
2022-03-25T00:00:00Z,43991.459999999999,45094.139999999999,43579,44313.160000000003,3351311224,9.7390000000000001e-05
2022-03-26T00:00:00Z,44313.160000000003,44792.989999999998,44071.970000000001,44511.269999999997,3478277200,-8.2529999999999998e-05
2022-03-27T00:00:00Z,44511.269999999997,46999,44421.459999999999,46827.760000000002,3416270560,0.0001
2022-03-28T00:00:00Z,46827.760000000002,48189.839999999997,46663.559999999998,47122.209999999999,3436939440,0.0001
2022-03-29T00:00:00Z,47122.209999999999,48096.470000000001,46950.849999999999,47434.800000000003,3369027406,0.0001
2022-03-30T00:00:00Z,47434.790000000001,47700.220000000001,46445.419999999998,47067.989999999998,3242061431,0.0001
2022-03-31T00:00:00Z,47067.989999999998,47600,45200,45510.339999999997,3185960185,0.0001
2022-04-01T00:00:00Z,45510.349999999999,46720.089999999997,44200,46283.489999999998,3141669729,0.0001
2022-04-02T00:00:00Z,46283.489999999998,47213,45620,45811,3180054791,0.0001
2022-04-03T00:00:00Z,45810.989999999998,47444.110000000001,45530.919999999998,46407.349999999999,3245014128,0.0001
2022-04-04T00:00:00Z,46407.360000000001,46890.709999999999,45118,46580.510000000002,3256824916,0.0001
2022-04-05T00:00:00Z,46580.5,47200,45353.809999999998,45497.550000000003,3283399190,9.8980000000000004e-05
2022-04-06T00:00:00Z,45497.540000000001,45507.139999999999,43121,43170.470000000001,3711540272,0.0001
2022-04-07T00:00:00Z,43170.470000000001,43900.989999999998,42727.349999999999,43444.190000000002,3634770147,4.3059999999999998e-05
2022-04-08T00:00:00Z,43444.199999999997,43970.620000000003,42107.139999999999,42252.010000000002,3661344421,0.0001
2022-04-09T00:00:00Z,42252.019999999997,42800,42125.480000000003,42753.970000000001,3614101267,2.7209999999999999e-05
2022-04-10T00:00:00Z,42753.959999999999,43410.300000000003,41868,42158.849999999999,2976318690,2.43e-06
2022-04-11T00:00:00Z,42158.849999999999,42414.709999999999,39200,39530.449999999997,3011751056,-6.7949999999999998e-05
2022-04-12T00:00:00Z,39530.449999999997,40699,39254.629999999997,40074.940000000002,2967460599,-1.6920000000000001e-05
2022-04-13T00:00:00Z,40074.949999999997,41561.309999999998,39588.540000000001,41147.790000000001,3014703753,5.0179999999999997e-05
2022-04-14T00:00:00Z,41147.779999999999,41500,39551.940000000002,39942.379999999997,2985176782,-0.00013233
2022-04-15T00:00:00Z,39942.370000000003,40870.360000000001,39766.400000000001,40551.900000000001,2991082176,2.1970000000000001e-05
2022-04-16T00:00:00Z,40551.900000000001,40709.349999999999,39991.550000000003,40378.709999999999,3020609147,7.1999999999999997e-06
2022-04-17T00:00:00Z,40378.699999999997,40595.669999999998,39546.169999999998,39678.120000000003,2943839022,-3.2310000000000001e-05
2022-04-18T00:00:00Z,39678.110000000001,41116.730000000003,38536.510000000002,40801.129999999997,3011751056,0.0001
2022-04-19T00:00:00Z,40801.129999999997,41760,40571,41493.18,2976318690,9.4500000000000007e-05
2022-04-20T00:00:00Z,41493.190000000002,42199,40820,41358.190000000002,2973365993,1.77e-06
2022-04-21T00:00:00Z,41358.190000000002,42976,39751,40480.010000000002,3076710392,3.0260000000000002e-05
2022-04-22T00:00:00Z,40480.010000000002,40795.059999999998,39177,39709.18,3082615786,-9.0229999999999995e-05
2022-04-23T00:00:00Z,39709.190000000002,39980,39285,39441.599999999999,3035372633,-0.00018273000000000001
2022-04-24T00:00:00Z,39441.610000000001,39940,38929.620000000003,39450.129999999997,3035372633,-8.9079999999999994e-05
2022-04-25T00:00:00Z,39450.120000000003,40616,38200,40426.080000000002,3047183421,0.0001
2022-04-26T00:00:00Z,40426.080000000002,40797.309999999998,37702.260000000002,38112.650000000001,2973365993,-0.00012640000000000001
2022-04-27T00:00:00Z,38112.639999999999,39474.720000000001,37881.309999999998,39235.720000000001,2940886325,-5.7160000000000002e-05
2022-04-28T00:00:00Z,39235.720000000001,40372.629999999997,38881.43,39742.07,2952697113,0.0001
2022-04-29T00:00:00Z,39742.059999999998,39925.25,38175,38596.110000000001,2934980931,-9.3709999999999996e-05
2022-04-30T00:00:00Z,38596.110000000001,38795.379999999997,37578.199999999997,37630.800000000003,2943839022,2.4029999999999999e-05
2022-05-01T00:00:00Z,37630.800000000003,38675,37386.379999999997,38468.349999999999,2905453960,0.0001
2022-05-02T00:00:00Z,38468.349999999999,39167.339999999997,38052,38525.160000000003,3129858940,0.0001
2022-05-03T00:00:00Z,38525.160000000003,38651.510000000002,37517.800000000003,37728.949999999997,3047183421,0.0001
2022-05-04T00:00:00Z,37728.949999999997,40023.769999999997,37670,39690,2979271387,0.0001
2022-05-05T00:00:00Z,39690,39845.510000000002,35571.900000000001,36552.970000000001,2905453960,-0.00013459999999999999
2022-05-06T00:00:00Z,36552.970000000001,36675.629999999997,35258,36013.769999999997,2926122839,-5.2729999999999998e-05
2022-05-07T00:00:00Z,36013.769999999997,36146.300000000003,34785,35472.389999999999,2796204166,-2.6590000000000001e-05
2022-05-08T00:00:00Z,35472.400000000001,35514.220000000001,33713.949999999997,34038.400000000001,2397590056,0.0001
2022-05-09T00:00:00Z,34038.389999999999,34243.150000000001,30033.330000000002,30076.310000000001,2373968479,0.0001
2022-05-10T00:00:00Z,30074.23,32658.990000000002,29730.400000000001,31017.099999999999,2335583417,7.5799999999999999e-05
2022-05-11T00:00:00Z,31017.110000000001,32162.59,27785,29103.939999999999,2223380926,-0.00018772999999999999
2022-05-12T00:00:00Z,29103.939999999999,30243,26700,29029.75,2297198354,-7.127e-05
2022-05-13T00:00:00Z,29029.740000000002,31083.369999999999,28751.669999999998,29287.049999999999,2247002503,0.0001
2022-05-14T00:00:00Z,29287.049999999999,30343.27,28630,30086.740000000002,2391684662,8.2899999999999996e-05
2022-05-15T00:00:00Z,30086.740000000002,31460,29480,31328.889999999999,2338536114,0.0001
2022-05-16T00:00:00Z,31328.889999999999,31328.900000000001,29087.040000000001,29874.009999999998,2359204994,0.0001
2022-05-17T00:00:00Z,29874.009999999998,30788.369999999999,29450.380000000001,30444.93,2365110388,-6.9560000000000005e-05
2022-05-18T00:00:00Z,30444.93,30709.990000000002,28654.470000000001,28715.32,2571799186,-3.41e-06
2022-05-19T00:00:00Z,28715.330000000002,30545.18,28691.380000000001,30319.23,2480265575,0.0001
2022-05-20T00:00:00Z,30319.220000000001,30777.330000000002,28730,29201.009999999998,2447785907,-2.0200000000000001e-06
2022-05-21T00:00:00Z,29201.009999999998,29656.18,28947.279999999999,29445.060000000001,2607231551,2.41e-05
2022-05-22T00:00:00Z,29445.07,30487.990000000002,29255.110000000001,30293.939999999999,2521603335,0.0001
2022-05-23T00:00:00Z,30293.93,30670.509999999998,28866.349999999999,29109.150000000001,2568846489,-0.00012371999999999999
2022-05-24T00:00:00Z,29109.139999999999,29845.860000000001,28669,29654.580000000002,2503887152,3.6789999999999998e-05
2022-05-25T00:00:00Z,29654.580000000002,30223.740000000002,29294.209999999999,29542.150000000001,2533414123,7.5160000000000005e-05
2022-05-26T00:00:00Z,29542.139999999999,29886.639999999999,28019.560000000001,29201.349999999999,2495029061,0.0001
2022-05-27T00:00:00Z,29201.349999999999,29397.66,28282.900000000001,28629.799999999999,2527508729,0.0001
2022-05-28T00:00:00Z,28629.810000000001,29266,28450,29031.330000000002,2627900431,0.0001
2022-05-29T00:00:00Z,29031.330000000002,29587.779999999999,28839.209999999999,29468.099999999999,2784393378,0.0001
2022-05-30T00:00:00Z,29468.099999999999,32222,29299.619999999999,31734.220000000001,2834589229,0.0001
2022-05-31T00:00:00Z,31734.23,32399,31200.009999999998,31801.040000000001,2642663916,0.0001
2022-06-01T00:00:00Z,31801.049999999999,31982.970000000001,29301,29805.830000000002,2686954373,-1.452e-05
2022-06-02T00:00:00Z,29805.84,30689,29594.549999999999,30452.619999999999,2660380099,-3.3779999999999998e-05
2022-06-03T00:00:00Z,30452.630000000001,30699,29282.360000000001,29700.209999999999,2654474705,2.7e-06
2022-06-04T00:00:00Z,29700.209999999999,29988.880000000001,29485,29864.040000000001,2681048979,4.3579999999999999e-05
2022-06-05T00:00:00Z,29864.029999999999,30189,29531.419999999998,29919.209999999999,3020609147,6.0359999999999998e-05
2022-06-06T00:00:00Z,29919.200000000001,31765.639999999999,29890.23,31373.099999999999,2861163503,0.0001
2022-06-07T00:00:00Z,31373.099999999999,31589.599999999999,29218.959999999999,31125.330000000002,2636758522,0.0001
2022-06-08T00:00:00Z,31125.32,31327.220000000001,29843.880000000001,30204.77,2692859767,0.0001
2022-06-09T00:00:00Z,30204.77,30700,29944.099999999999,30109.93,2725339436,0.0001
2022-06-10T00:00:00Z,30109.93,30382.799999999999,28850,29091.880000000001,2728292133,1.7620000000000001e-05
2022-06-11T00:00:00Z,29091.869999999999,29440.41,28099.990000000002,28424.700000000001,2616089642,0.0001
2022-06-12T00:00:00Z,28424.709999999999,28544.959999999999,26560,26574.529999999999,2373968479,5.6159999999999998e-05
2022-06-13T00:00:00Z,26574.529999999999,26895.84,21925.77,22487.41,2093462253,4.0880000000000002e-05
2022-06-14T00:00:00Z,22485.27,23362.880000000001,20846,22136.41,2066887979,-2.0769999999999999e-05
2022-06-15T00:00:00Z,22136.419999999998,22800,20111.619999999999,22583.720000000001,1928111215,-4.1140000000000003e-05
2022-06-16T00:00:00Z,22583.720000000001,22995.73,20232,20401.310000000001,1922205821,-2.2220000000000001e-05
2022-06-17T00:00:00Z,20400.599999999999,21365.43,20246.66,20468.810000000001,1789334451,7.3559999999999994e-05
2022-06-18T00:00:00Z,20468.810000000001,20792.060000000001,17622,18970.790000000001,1824766816,4.2429999999999999e-05
2022-06-19T00:00:00Z,18970.790000000001,20815.950000000001,17960.41,20574,1815908725,8.7299999999999994e-06
2022-06-20T00:00:00Z,20574,21090,19637.029999999999,20573.889999999999,1845435696,0.0001
2022-06-21T00:00:00Z,20573.900000000001,21723,20348.400000000001,20723.52,1807050633,1.7799999999999999e-06
2022-06-22T00:00:00Z,20723.509999999998,20900,19770.509999999998,19987.990000000002,1883820758,-8.7199999999999995e-06
2022-06-23T00:00:00Z,19988,21233,19890.07,21110.130000000001,1880868061,6.0059999999999998e-05
2022-06-24T00:00:00Z,21110.119999999999,21558.41,20736.720000000001,21237.689999999999,1990117854,2.6210000000000001e-05
2022-06-25T00:00:00Z,21237.68,21614.5,20906.619999999999,21491.189999999999,1916300427,0.0001
2022-06-26T00:00:00Z,21491.18,21888,20964.73,21038.07,1910395032,7.8200000000000003e-05
2022-06-27T00:00:00Z,21038.080000000002,21539.849999999999,20510,20742.560000000001,1931063912,-2.586e-05
2022-06-28T00:00:00Z,20742.57,21212.099999999999,20202.009999999998,20281.290000000001,1925158518,4.1879999999999999e-05
2022-06-29T00:00:00Z,20281.279999999999,20432.310000000001,19854.919999999998,20123.009999999998,1863151879,3.2399999999999999e-06
2022-06-30T00:00:00Z,20123,20179.080000000002,18626,19942.209999999999,1801145239,-8.7860000000000002e-05
2022-07-01T00:00:00Z,19942.209999999999,20918.349999999999,18975,19279.799999999999,1842482999,-2.9130000000000001e-05
2022-07-02T00:00:00Z,19279.799999999999,19467.389999999999,18977.009999999998,19252.810000000001,1836577605,3.57e-05
2022-07-03T00:00:00Z,19252.82,19647.630000000001,18781,19315.830000000002,2016692128,7.7919999999999999e-05
2022-07-04T00:00:00Z,19315.830000000002,20354.009999999998,19055.310000000001,20236.709999999999,1987165157,5.291e-05
2022-07-05T00:00:00Z,20236.709999999999,20750,19304.400000000001,20175.830000000002,2069840676,0.0001
2022-07-06T00:00:00Z,20175.84,20675.220000000001,19761.25,20564.509999999998,2320819931,5.274e-05
2022-07-07T00:00:00Z,20564.509999999998,21838.099999999999,20251.68,21624.98,2217475532,2.12e-06
2022-07-08T00:00:00Z,21624.990000000002,22527.369999999999,21189.259999999998,21594.75,2161374287,0.0001
2022-07-09T00:00:00Z,21594.75,21980,21322.119999999999,21591.830000000002,2063935282,9.9619999999999998e-05
2022-07-10T00:00:00Z,21592.150000000001,21607.650000000001,20655,20862.470000000001,1996023249,4.5429999999999997e-05
2022-07-11T00:00:00Z,20861.110000000001,20868.48,19875.23,19963.610000000001,1975354369,8.0030000000000005e-05
2022-07-12T00:00:00Z,19963.610000000001,20059.419999999998,19240,19328.75,2031455614,-1.204e-05
2022-07-13T00:00:00Z,19331.279999999999,20366.610000000001,18910.939999999999,20234.869999999999,2131847316,5.7000000000000005e-07
2022-07-14T00:00:00Z,20234.869999999999,20900,19616.07,20588.84,2187948561,9.2570000000000003e-05
2022-07-15T00:00:00Z,20588.84,21200,20382.290000000001,20830.040000000001,2196806652,6.0550000000000001e-05
2022-07-16T00:00:00Z,20830.040000000001,21588.939999999999,20478.610000000001,21195.599999999999,2176137773,8.038e-05
2022-07-17T00:00:00Z,21195.599999999999,21684.540000000001,20750.009999999998,20798.16,2276529474,0.0001
2022-07-18T00:00:00Z,20799.580000000002,22777.630000000001,20762.450000000001,22432.580000000002,2483218272,0.0001
2022-07-19T00:00:00Z,22432.580000000002,23800,21579.540000000001,23396.619999999999,2350346902,0.0001
2022-07-20T00:00:00Z,23398.48,24276.740000000002,22906.189999999999,23223.299999999999,2335583417,0.0001
2022-07-21T00:00:00Z,23223.299999999999,23442.77,22341.459999999999,23152.189999999999,2314914537,0.0001
2022-07-22T00:00:00Z,23152.189999999999,23756.490000000002,22500,22684.830000000002,2297198354,9.043e-05
2022-07-23T00:00:00Z,22684.830000000002,23000.77,21934.57,22451.07,2285387566,3.7700000000000002e-05
2022-07-24T00:00:00Z,22448.580000000002,23014.639999999999,22257.150000000001,22579.68,2105273042,0.0001
2022-07-25T00:00:00Z,22577.130000000001,22666,21250,21310.900000000001,2131847316,0.0001
2022-07-26T00:00:00Z,21310.900000000001,21347.82,20706.5,21254.669999999998,2403495450,4.5909999999999999e-05
2022-07-27T00:00:00Z,21254.669999999998,23112.630000000001,21042.529999999999,22952.450000000001,2447785907,9.2289999999999999e-05
2022-07-28T00:00:00Z,22954.310000000001,24199.720000000001,22582.130000000001,23842.93,2453691301,0.0001
2022-07-29T00:00:00Z,23845.25,24442.66,23414.029999999999,23773.75,2450738604,0.0001
2022-07-30T00:00:00Z,23777.279999999999,24668,23502.25,23643.509999999998,2371015782,0.0001
2022-07-31T00:00:00Z,23644.639999999999,24194.82,23227.310000000001,23293.32,2338536114,0.0001
2022-08-01T00:00:00Z,23296.360000000001,23509.68,22850,23268.009999999998,2270624080,0.0001
2022-08-02T00:00:00Z,23266.900000000001,23459.889999999999,22654.369999999999,22987.790000000001,2323772628,3.2799999999999999e-06
2022-08-03T00:00:00Z,22985.93,23647.68,22681.220000000001,22818.369999999999,2267671383,-1.9099999999999999e-06
2022-08-04T00:00:00Z,22816.91,23223.32,22400,22622.98,2270624080,1.6920000000000001e-05
2022-08-05T00:00:00Z,22622.41,23472.860000000001,22586.950000000001,23312.419999999998,2291292960,6.8880000000000005e-05
2022-08-06T00:00:00Z,23313.560000000001,23354.360000000001,22909.52,22954.209999999999,2311961840,0.0001
2022-08-07T00:00:00Z,22954.209999999999,23402,22844.619999999999,23174.389999999999,2483218272,0.0001
2022-08-08T00:00:00Z,23174.389999999999,24245,23154.25,23810,2418258936,0.0001
2022-08-09T00:00:00Z,23810.98,23933.25,22865,23149.950000000001,2362157691,-1.314e-05
2022-08-10T00:00:00Z,23151.32,24226,22664.689999999999,23954.049999999999,2397590056,7.2059999999999998e-05
2022-08-11T00:00:00Z,23954.049999999999,24918.540000000001,23852.130000000001,23934.389999999999,2441880513,9.0240000000000003e-05
2022-08-12T00:00:00Z,23933.09,24456.5,23583,24403.68,2500934455,-3.5590000000000003e-05
2022-08-13T00:00:00Z,24401.700000000001,24888,24291.220000000001,24441.380000000001,2450738604,2.3960000000000001e-05
2022-08-14T00:00:00Z,24443.060000000001,25047.560000000001,24144,24305.240000000002,2379873873,-3.7660000000000002e-05
2022-08-15T00:00:00Z,24305.25,25211.32,23773.220000000001,24094.82,2373968479,3.243e-05
2022-08-16T00:00:00Z,24093.040000000001,24247.490000000002,23671.220000000001,23854.740000000002,2474360181,4.6600000000000003e-06
2022-08-17T00:00:00Z,23856.150000000001,24446.709999999999,23180.400000000001,23342.66,2462549393,8.3910000000000001e-05
2022-08-18T00:00:00Z,23342.66,23600,23111.040000000001,23191.200000000001,2182043167,0.0001
2022-08-19T00:00:00Z,23191.450000000001,23208.669999999998,20783.57,20834.389999999999,2193853955,1.0699999999999999e-05
2022-08-20T00:00:00Z,20834.389999999999,21382.849999999999,20761.900000000001,21140.07,2217475532,-1.9570000000000001e-05
2022-08-21T00:00:00Z,21140.07,21800,21069.110000000001,21515.610000000001,2211570138,-8.0920000000000005e-05
2022-08-22T00:00:00Z,21516.700000000001,21548.709999999999,20890.18,21399.830000000002,2235191715,-3.345e-05
2022-08-23T00:00:00Z,21400.75,21684.869999999999,20890.139999999999,21529.119999999999,2223380926,2.5089999999999999e-05
2022-08-24T00:00:00Z,21529.110000000001,21900,21145,21368.080000000002,2232239018,1.28e-06
2022-08-25T00:00:00Z,21368.049999999999,21819.880000000001,21310.150000000001,21559.040000000001,2211570138,-1.7070000000000001e-05
2022-08-26T00:00:00Z,21559.040000000001,21886.77,20107.900000000001,20241.049999999999,2252907898,-2.8079999999999999e-05
2022-08-27T00:00:00Z,20239.139999999999,20402.93,19800,20037.599999999999,2229286321,-1.396e-05
2022-08-28T00:00:00Z,20037.599999999999,20171.18,19520,19555.610000000001,2273576777,-0.00013622999999999999
2022-08-29T00:00:00Z,19555.610000000001,20433.619999999999,19550.790000000001,20285.73,2244049806,1.1229999999999999e-05
2022-08-30T00:00:00Z,20287.200000000001,20576.25,19540,19811.66,2143658104,-2.0890000000000002e-05
2022-08-31T00:00:00Z,19813.029999999999,20490,19797.939999999999,20050.02,2226333624,9.3900000000000006e-05
2022-09-01T00:00:00Z,20048.439999999999,20208.369999999999,19565.66,20131.459999999999,2190901258,2.4980000000000001e-05
2022-09-02T00:00:00Z,20132.639999999999,20441.259999999998,19755.290000000001,19951.860000000001,2306056446,-1.99e-06
2022-09-03T00:00:00Z,19950.98,20055.93,19652.720000000001,19831.900000000001,2282434869,5.8799999999999996e-06
2022-09-04T00:00:00Z,19832.450000000001,20029.23,19583.099999999999,20000.299999999999,2329678022,8.2919999999999999e-05
2022-09-05T00:00:00Z,20000.299999999999,20057.27,19633.830000000002,19796.84,2261765989,-2.4499999999999998e-06
2022-09-06T00:00:00Z,19795.34,20180,18649.509999999998,18790.610000000001,2214522835,-8.6009999999999998e-05
2022-09-07T00:00:00Z,18790.610000000001,19464.060000000001,18510.77,19292.84,2208617441,6.1999999999999999e-06
2022-09-08T00:00:00Z,19292.849999999999,19458.25,19012,19319.77,2492076364,1.312e-05
2022-09-09T00:00:00Z,19320.540000000001,21597.220000000001,19291.75,21360.110000000001,2548177609,0.0001
2022-09-10T00:00:00Z,21361.619999999999,21810.799999999999,21111.130000000001,21648.34,2595420763,7.1149999999999995e-05
2022-09-11T00:00:00Z,21647.209999999999,21860,21350,21826.869999999999,2686954373,0.0001
2022-09-12T00:00:00Z,21826.869999999999,22488,21538.509999999998,22395.740000000002,2220428229,9.9649999999999996e-05
2022-09-13T00:00:00Z,22395.439999999999,22799,19860,20173.57,2184995864,-3.9530000000000003e-05
2022-09-14T00:00:00Z,20173.619999999999,20541.48,19617.619999999999,20226.709999999999,2152516196,3.2399999999999999e-06
2022-09-15T00:00:00Z,20227.169999999998,20330.240000000002,19497,19701.880000000001,2190901258,8.0550000000000006e-05
2022-09-16T00:00:00Z,19701.880000000001,19890,19320.009999999998,19803.299999999999,2247002503,3.0239999999999998e-05
2022-09-17T00:00:00Z,19803.299999999999,20189,19748.080000000002,20113.619999999999,2184995864,6.4280000000000001e-05
2022-09-18T00:00:00Z,20112.610000000001,20117.259999999998,19335.619999999999,19416.18,2117083830,3.5809999999999998e-05
2022-09-19T00:00:00Z,19417.450000000001,19686.200000000001,18232.560000000001,19537.02,2081651465,7.8129999999999999e-05
2022-09-20T00:00:00Z,19537.02,19634.619999999999,18711.869999999999,18875,2029683996,5.185e-05
2022-09-21T00:00:00Z,18874.310000000001,19956,18125.98,18461.360000000001,2156354702,-0.00011779
2022-09-22T00:00:00Z,18461.360000000001,19550.169999999998,18356.389999999999,19401.630000000001,2140705407,7.2609999999999998e-05
2022-09-23T00:00:00Z,19401.630000000001,19500,18531.419999999998,19289.91,2141000677,2.9470000000000001e-05
2022-09-24T00:00:00Z,19288.57,19316.139999999999,18805.34,18920.5,2140705407,9.9899999999999992e-06
2022-09-25T00:00:00Z,18921.990000000002,19180.209999999999,18629.200000000001,18807.380000000001,2245230885,-6.6000000000000003e-06
2022-09-26T00:00:00Z,18809.130000000001,19318.959999999999,18680.720000000001,19227.82,2252907898,2.2439999999999999e-05
2022-09-27T00:00:00Z,19226.68,20385.860000000001,18816.32,19079.130000000001,2309009143,1.1409999999999999e-05
2022-09-28T00:00:00Z,19078.099999999999,19790,18471.279999999999,19412.82,2291292960,5.681e-05
2022-09-29T00:00:00Z,19412.82,19645.52,18843.009999999998,19591.509999999998,2241392379,0.0001
2022-09-30T00:00:00Z,19590.540000000001,20185,19155.360000000001,19422.610000000001,2262947068,3.1980000000000002e-05
2022-10-01T00:00:00Z,19422.610000000001,19484,19159.419999999998,19310.950000000001,2249955200,4.2620000000000002e-05
2022-10-02T00:00:00Z,19312.240000000002,19395.91,18920.349999999999,19056.799999999999,2403790720,3.9959999999999997e-05
2022-10-03T00:00:00Z,19057.740000000002,19719.099999999999,18959.68,19629.080000000002,2796499436,0.0001
2022-10-04T00:00:00Z,19629.080000000002,20475,19490.599999999999,20337.82,2681048979,0.0001
2022-10-05T00:00:00Z,20337.82,20365.599999999999,19730,20158.259999999998,2646502423,0.0001
2022-10-06T00:00:00Z,20158.259999999998,20456.599999999999,19853,19960.669999999998,2580657277,0.0001
2022-10-07T00:00:00Z,19960.669999999998,20068.82,19320,19530.09,2567074870,3.8500000000000001e-05
2022-10-08T00:00:00Z,19530.09,19627.380000000001,19237.139999999999,19417.959999999999,2613136945,3.2459999999999998e-05
2022-10-09T00:00:00Z,19416.52,19558,19316.040000000001,19439.02,2661265908,6.2409999999999994e-05
2022-10-10T00:00:00Z,19439.959999999999,19525,19020.25,19131.869999999999,2775535287,0.0001
2022-10-11T00:00:00Z,19131.869999999999,19268.09,18860,19060,2731244830,0.0001
2022-10-12T00:00:00Z,19060,19238.310000000001,18965.880000000001,19155.529999999999,2810967652,7.4659999999999993e-05
2022-10-13T00:00:00Z,19155.099999999999,19513.790000000001,18190,19375.130000000001,2699355701,3.235e-05
2022-10-14T00:00:00Z,19375.580000000002,19951.869999999999,19070.369999999999,19176.93,2702013128,4.3170000000000002e-05
2022-10-15T00:00:00Z,19176.93,19227.68,18975.18,19069.389999999999,2663332796,2.7350000000000001e-05
2022-10-16T00:00:00Z,19068.400000000001,19425.84,19063.740000000002,19262.98,2852600681,3.3100000000000001e-06
2022-10-17T00:00:00Z,19262.98,19676.959999999999,19152.029999999999,19549.860000000001,2776125826,0.0001
2022-10-18T00:00:00Z,19548.48,19706.66,19091,19327.439999999999,2799156864,7.5980000000000001e-05
2022-10-19T00:00:00Z,19327.439999999999,19360.16,19065.970000000001,19123.970000000001,2836360847,0.0001
2022-10-20T00:00:00Z,19123.349999999999,19347.82,18900,19041.919999999998,2778487984,4.7080000000000003e-05
2022-10-21T00:00:00Z,19041.919999999998,19250,18650,19164.369999999999,2770220432,3.7209999999999998e-05
2022-10-22T00:00:00Z,19164.369999999999,19257,19112.720000000001,19204.349999999999,2870907403,4.1520000000000002e-05
2022-10-23T00:00:00Z,19204.290000000001,19695,19070.110000000001,19570.400000000001,2717071884,0.0001
2022-10-24T00:00:00Z,19570.400000000001,19601.150000000001,19157,19329.720000000001,2950630225,4.3269999999999997e-05
2022-10-25T00:00:00Z,19330.599999999999,20415.869999999999,19237,20080.07,2983995703,2.243e-05
2022-10-26T00:00:00Z,20079.02,21020,20050.41,20771.59,2725634705,1.3e-07
2022-10-27T00:00:00Z,20771.610000000001,20872.209999999999,20200,20295.110000000001,2707918523,-1.2279999999999999e-05
2022-10-28T00:00:00Z,20295.110000000001,20750,20000.09,20591.84,2766972465,2.4839999999999999e-05
2022-10-29T00:00:00Z,20591.84,21085,20554.009999999998,20809.669999999998,2656246323,-2.5150000000000001e-05
2022-10-30T00:00:00Z,20809.68,20931.209999999999,20515,20627.48,2569437028,1.504e-05
2022-10-31T00:00:00Z,20627.48,20845.919999999998,20237.950000000001,20490.740000000002,2571503916,7.2200000000000003e-06
2022-11-01T00:00:00Z,20490.740000000002,20700,20330.740000000002,20483.619999999999,2492962173,4.7870000000000001e-05
2022-11-02T00:00:00Z,20482.810000000001,20800,20048.040000000001,20151.84,2515697941,2.6800000000000001e-05
2022-11-03T00:00:00Z,20151.84,20393.32,20031.240000000002,20207.82,2766972465,4.4289999999999998e-05
2022-11-04T00:00:00Z,20207.119999999999,21302.049999999999,20180.959999999999,21148.52,2860868233,4.409e-05
2022-11-05T00:00:00Z,21148.52,21480.650000000001,21080.650000000001,21299.369999999999,2710871220,6.491e-05
2022-11-06T00:00:00Z,21299.369999999999,21365.27,20886.130000000001,20905.580000000002,2520717526,7.8129999999999999e-05
2022-11-07T00:00:00Z,20905.580000000002,21069.77,20384.889999999999,20591.130000000001,2019940095,6.5149999999999998e-05
2022-11-08T00:00:00Z,20590.669999999998,20700.880000000001,17166.830000000002,18547.23,1922205821,-0.00013883999999999999
2022-11-09T00:00:00Z,18545.380000000001,18587.759999999998,15588,15922.809999999999,1911871381,-0.0011917200000000001
2022-11-10T00:00:00Z,15922.68,18199,15754.26,17601.150000000001,1809117521,-0.00019452
2022-11-11T00:00:00Z,17602.450000000001,17695,16361.6,17070.310000000001,1785791214,5.3000000000000001e-05
2022-11-12T00:00:00Z,17069.98,17119.099999999999,16631.389999999999,16812.080000000002,1758331131,3.3299999999999999e-06
2022-11-13T00:00:00Z,16813.16,16954.279999999999,16229,16329.85,1714335944,-3.8090000000000003e-05
2022-11-14T00:00:00Z,16331.780000000001,17190,15815.209999999999,16619.459999999999,1772504077,-0.00010925
2022-11-15T00:00:00Z,16617.720000000001,17134.689999999999,16527.720000000001,16900.57,1781362169,-0.00013216000000000001
2022-11-16T00:00:00Z,16900.57,17015.919999999998,16378.610000000001,16662.759999999998,1825062086,-4.5420000000000002e-05
2022-11-17T00:00:00Z,16661.610000000001,16751,16410.740000000002,16692.560000000001,1824471546,-2.836e-05
2022-11-18T00:00:00Z,16692.560000000001,17011,16546.040000000001,16700.450000000001,1821814119,5.5560000000000003e-05
2022-11-19T00:00:00Z,16699.43,16822.41,16553.529999999999,16700.68,1813251297,-7.79e-06
2022-11-20T00:00:00Z,16700.68,16753.330000000002,16180,16280.23,1691304907,7.8980000000000006e-05
2022-11-21T00:00:00Z,16279.5,16319,15476,15781.290000000001,1729099430,-7.4850000000000003e-05
2022-11-22T00:00:00Z,15781.290000000001,16315,15616.629999999999,16226.940000000001,1733528475,9.4060000000000004e-05
2022-11-23T00:00:00Z,16227.959999999999,16706,16160.200000000001,16603.110000000001,1743862915,5.4200000000000003e-05
2022-11-24T00:00:00Z,16603.110000000001,16812.630000000001,16458.049999999999,16598.950000000001,1745634533,2.0579999999999999e-05
2022-11-25T00:00:00Z,16599.549999999999,16666,16342.809999999999,16522.139999999999,1755968973,3.8590000000000002e-05
2022-11-26T00:00:00Z,16521.349999999999,16701.990000000002,16385,16458.57,1765712874,1.063e-05
2022-11-27T00:00:00Z,16457.610000000001,16600,16401,16428.779999999999,1717879181,2.3030000000000001e-05
2022-11-28T00:00:00Z,16428.77,16487.040000000001,15995.27,16212.91,1763645986,4.7599999999999998e-05
2022-11-29T00:00:00Z,16212.18,16548.709999999999,16100,16442.529999999999,1809117521,3.4039999999999999e-05
2022-11-30T00:00:00Z,16442.91,17249,16428.299999999999,17163.639999999999,1804393206,1.029e-05
2022-12-01T00:00:00Z,17165.529999999999,17324,16855.009999999998,16977.369999999999,1794649306,8.2029999999999999e-05
2022-12-02T00:00:00Z,16978,17105.73,16787.849999999999,17092.740000000002,1785791214,3.3019999999999999e-05
2022-12-03T00:00:00Z,17092.130000000001,17188.98,16858.740000000002,16885.200000000001,1847502584,6.1740000000000002e-05
2022-12-04T00:00:00Z,16885.200000000001,17202.84,16878.25,17105.700000000001,1786086484,5.4000000000000002e-07
2022-12-05T00:00:00Z,17106.650000000001,17424.25,16867,16966.349999999999,1727623081,2.2059999999999999e-05
2022-12-06T00:00:00Z,16966.349999999999,17107.009999999998,16906.369999999999,17088.959999999999,1701344077,7.8869999999999995e-05
2022-12-07T00:00:00Z,17088.959999999999,17142.209999999999,16678.830000000002,16836.639999999999,1745339264,1.183e-05
2022-12-08T00:00:00Z,16836.639999999999,17299,16733.490000000002,17224.099999999999,1725260923,1.1780000000000001e-05
2022-12-09T00:00:00Z,17224.099999999999,17360,17058.209999999999,17128.560000000001,1741500757,-1.6690000000000001e-05
2022-12-10T00:00:00Z,17128.560000000001,17227.720000000001,17092,17127.490000000002,1881298447,9.2900000000000008e-06
2022-12-11T00:00:00Z,17127.490000000002,17270.990000000002,17071,17085.049999999999,1862764293,2.406e-05
2022-12-12T00:00:00Z,17085.049999999999,17241.889999999999,16871.849999999999,17209.830000000002,1799536184,3.0029999999999999e-05
2022-12-13T00:00:00Z,17208.93,18000,17080.139999999999,17774.700000000001,1905739513,0.0001
2022-12-14T00:00:00Z,17775.82,18387.950000000001,17660.939999999999,17803.150000000001,1989969456,0.0001
2022-12-15T00:00:00Z,17804.009999999998,17854.82,17275.509999999998,17356.34,1878608209,4.8420000000000001e-05
2022-12-16T00:00:00Z,17356.959999999999,17531.73,16527.32,16632.119999999999,1685990052,2.0129999999999999e-05
2022-12-17T00:00:00Z,16631.5,16796.82,16579.849999999999,16776.52,1666106834,6.2739999999999999e-05
2022-12-18T00:00:00Z,16777.540000000001,16863.259999999998,16663.07,16738.209999999999,1657053620,6.4679999999999997e-05
2022-12-19T00:00:00Z,16739,16815.990000000002,16256.299999999999,16438.880000000001,1651443496,5.6110000000000003e-05
2022-12-20T00:00:00Z,16438.880000000001,17061.27,16397.200000000001,16895.560000000001,1669159678,3.7780000000000001e-05
2022-12-21T00:00:00Z,16896.150000000001,16925,16723,16824.669999999998,1703706234,2.9179999999999998e-05
2022-12-22T00:00:00Z,16824.68,16868.52,16559.849999999999,16821.43,1698096110,0.0001
2022-12-23T00:00:00Z,16821.900000000001,16955.139999999999,16731.130000000001,16778.5,1694257604,0.0001
2022-12-24T00:00:00Z,16778.52,16869.990000000002,16776.619999999999,16836.119999999999,1694257604,5.2100000000000001e-06
2022-12-25T00:00:00Z,16835.73,16857.959999999999,16721,16832.110000000001,1694848143,3.3189999999999999e-05
2022-12-26T00:00:00Z,16832.110000000001,16944.52,16791,16919.389999999999,1743567645,8.6550000000000003e-05
2022-12-27T00:00:00Z,16919.389999999999,16972.830000000002,16592.369999999999,16706.360000000001,1773389886,4.2519999999999999e-05
2022-12-28T00:00:00Z,16706.060000000001,16785.189999999999,16465.330000000002,16547.310000000001,1801735779,9.9850000000000001e-05
2022-12-29T00:00:00Z,16547.32,16664.41,16488.91,16633.470000000001,1795830384,0.0001
2022-12-30T00:00:00Z,16633.470000000001,16677.349999999999,16333,16607.48,1787944480,0.0001
2022-12-31T00:00:00Z,16607.48,16644.09,16470,16542.400000000001,1803802667,0.0001
2023-01-01T00:00:00Z,16541.77,16628,16499.009999999998,16616.75,1808457274,-1.488e-05
2023-01-02T00:00:00Z,16617.169999999998,16799.23,16548.700000000001,16672.869999999999,1791401339,0.0001
2023-01-03T00:00:00Z,16672.779999999999,16778.400000000001,16605.279999999999,16675.18,1751724413,6.4889999999999997e-05
2023-01-04T00:00:00Z,16675.650000000001,16991.869999999999,16652.66,16850.360000000001,1774866235,5.4169999999999998e-05
2023-01-05T00:00:00Z,16850.360000000001,16879.82,16753,16831.849999999999,1759216940,5.5869999999999999e-05
2023-01-06T00:00:00Z,16831.849999999999,17041,16679,16950.650000000001,1755575516,2.508e-05
2023-01-07T00:00:00Z,16950.310000000001,16981.91,16908,16943.57,1786726601,5.6570000000000002e-05
2023-01-08T00:00:00Z,16943.830000000002,17176.990000000002,16911,17127.830000000002,1755085062,5.7960000000000001e-05
2023-01-09T00:00:00Z,17127.830000000002,17398.799999999999,17104.66,17178.259999999998,1791929692,2.4170000000000001e-05
2023-01-10T00:00:00Z,17179.040000000001,17499,17146.34,17440.66,1943576874,2.7610000000000002e-05
2023-01-11T00:00:00Z,17440.639999999999,18000,17315.599999999999,17943.259999999998,1915548223,7.5489999999999997e-05
2023-01-12T00:00:00Z,17943.259999999998,19117.040000000001,17892.049999999999,18846.619999999999,2032739413,0.0001
2023-01-13T00:00:00Z,18846.619999999999,20000,18714.119999999999,19930.009999999998,2163035160,8.7460000000000006e-05
2023-01-14T00:00:00Z,19930.009999999998,21258,19888.049999999999,20954.919999999998,1958664239,0.00013711999999999999
2023-01-15T00:00:00Z,20952.759999999998,21050.740000000002,20551.009999999998,20871.5,1966368212,0.0001
2023-01-16T00:00:00Z,20872.990000000002,21474.049999999999,20611.48,21185.650000000001,2033504933,0.0001
2023-01-17T00:00:00Z,21185.650000000001,21647.450000000001,20841.310000000001,21134.810000000001,2099329788,0.0001
2023-01-18T00:00:00Z,21132.290000000001,21650,20407.150000000001,20677.470000000001,2055858162,0.0001
2023-01-19T00:00:00Z,20677.470000000001,21192,20659.189999999999,21071.59,2146926656,0.0001
2023-01-20T00:00:00Z,21071.59,22755.93,20861.279999999999,22667.209999999999,2205762633,0.0001
2023-01-21T00:00:00Z,22666,23371.799999999999,22422,22783.549999999999,2153694516,0.0001
2023-01-22T00:00:00Z,22783.349999999999,23078.709999999999,22292.369999999999,22707.880000000001,2125548524,0.0001
2023-01-23T00:00:00Z,22706.02,23180,22500,22916.450000000001,2110889203,0.0001
2023-01-24T00:00:00Z,22917.810000000001,23162.200000000001,22462.93,22632.889999999999,2088134374,0.0001
2023-01-25T00:00:00Z,22631.939999999999,23816.73,22300,23060.939999999999,1980986301,0.0001
2023-01-26T00:00:00Z,23060.419999999998,23282.470000000001,22850.009999999998,23009.650000000001,2038905465,0.0001
2023-01-27T00:00:00Z,23009.650000000001,23500,22534.880000000001,23074.16,2079624947,0.0001
2023-01-28T00:00:00Z,23074.16,23189,22878.459999999999,23022.599999999999,2080948506,0.0001
2023-01-29T00:00:00Z,23021.400000000001,23960.540000000001,22967.759999999998,23742.299999999999,2452078630,0.0001
2023-01-30T00:00:00Z,23743.369999999999,23800.509999999998,22500,22826.150000000001,2131582735,0.0001
2023-01-31T00:00:00Z,22827.380000000001,23320,22714.77,23125.130000000001,2254988393,0.0001
2023-02-01T00:00:00Z,23125.130000000001,23812.66,22760.23,23732.66,2379473235,0.0001
2023-02-02T00:00:00Z,23731.41,24255,23363.27,23488.939999999999,2303863059,0.0001
2023-02-03T00:00:00Z,23489.330000000002,23715.700000000001,23204.619999999999,23431.900000000001,2264022771,0.0001
2023-02-04T00:00:00Z,23431.900000000001,23587.779999999999,23253.959999999999,23326.84,2299705324,0.0001
2023-02-05T00:00:00Z,23327.66,23433.330000000002,22743,22932.91,2352782077,0.0001
2023-02-06T00:00:00Z,22932.91,23158.25,22628.130000000001,22762.52,2345509106,0.0001
2023-02-07T00:00:00Z,22762.52,23350.25,22745.779999999999,23240.459999999999,2356437474,0.0001
2023-02-08T00:00:00Z,23242.419999999998,23452,22665.849999999999,22963,2408248076,0.0001
2023-02-09T00:00:00Z,22961.849999999999,23011.389999999999,21688,21796.349999999999,2175106690,0.0001
2023-02-10T00:00:00Z,21797.830000000002,21938.16,21451,21625.189999999999,2202278237,7.6840000000000003e-05
2023-02-11T00:00:00Z,21625.189999999999,21906.32,21599.779999999999,21862.549999999999,2225968764,5.3430000000000002e-05
2023-02-12T00:00:00Z,21862.02,22090,21630,21783.540000000001,2155281809,2.0740000000000001e-05
2023-02-13T00:00:00Z,21782.369999999999,21894.990000000002,21351.07,21773.970000000001,2179955297,0.0001
2023-02-14T00:00:00Z,21774.630000000001,22319.080000000002,21532.77,22199.84,2295079769,2.3770000000000001e-05
2023-02-15T00:00:00Z,22199.84,24380,22047.279999999999,24324.049999999999,2644658041,0.0001
2023-02-16T00:00:00Z,24322.869999999999,25250,23505.25,23517.720000000001,2548126108,0.0001
2023-02-17T00:00:00Z,23517.720000000001,25021.110000000001,23339.369999999999,24569.970000000001,2651626569,0.0001
2023-02-18T00:00:00Z,24568.240000000002,24877,24430,24631.950000000001,2714412680.1248002,0.0001
2023-02-19T00:00:00Z,24632.049999999999,25192,24192.57,24271.759999999998,2597005040,0.0001
2023-02-20T00:00:00Z,24272.509999999998,25121.23,23840.830000000002,24842.200000000001,2763588914,0.0001
2023-02-21T00:00:00Z,24843.889999999999,25250,24148.34,24452.16,2681329465,0.0001
2023-02-22T00:00:00Z,24450.669999999998,24476.049999999999,23574.689999999999,24182.209999999999,2544235675,0.0001
2023-02-23T00:00:00Z,24182.209999999999,24599.59,23608,23940.200000000001,2494489557.3751998,4.9780000000000001e-05
2023-02-24T00:00:00Z,23940.200000000001,24132.349999999999,22841.189999999999,23185.290000000001,2451655112,1.183e-05
2023-02-25T00:00:00Z,23184.040000000001,23219.130000000001,22722,23157.07,2537783515.2063789,7.3720000000000006e-05
2023-02-26T00:00:00Z,23157.07,23689.990000000002,23059.18,23554.849999999999,2514376511.0712013,8.1440000000000006e-05
2023-02-27T00:00:00Z,23554.849999999999,23897.990000000002,23106.77,23492.09,2365447309,3.4140000000000002e-05
2023-02-28T00:00:00Z,23492.09,23600,23020.970000000001,23141.57,2387575903.1595998,1.8500000000000001e-06
2023-03-01T00:00:00Z,23141.57,24000,23020.029999999999,23628.970000000001,2449799948,8.6119999999999995e-05
2023-03-02T00:00:00Z,23629.759999999998,23796.93,23195.900000000001,23465.32,2543405383.2305002,0.0001
2023-03-03T00:00:00Z,23465.32,23476.950000000001,21971.130000000001,22354.34,2270377761,5.3000000000000001e-06
2023-03-04T00:00:00Z,22354.34,22410,22157.080000000002,22346.57,2223504432.2989998,1.874e-05
2023-03-05T00:00:00Z,22346.57,22662.09,22189.220000000001,22430.240000000002,2229624299.3443489,4.0540000000000001e-05
2023-03-06T00:00:00Z,22430.240000000002,22602.189999999999,22258,22410,2320708896.3410001,1.173e-05
2023-03-07T00:00:00Z,22409.41,22557.91,21927,22197.959999999999,2321919064.4684038,2.917e-05
2023-03-08T00:00:00Z,22198.560000000001,22287,21580,21705.439999999999,2323939415,0.0001
2023-03-09T00:00:00Z,21704.369999999999,21834.990000000002,20042.720000000001,20362.220000000001,2016091021.1353681,-8.8949999999999994e-05
2023-03-10T00:00:00Z,20362.209999999999,20367.779999999999,19549.09,20150.689999999999,1948912281.3385,2.3640000000000001e-05
2023-03-11T00:00:00Z,20150.689999999999,20686.509999999998,19765.029999999999,20455.73,1884506078,3.76e-06
2023-03-12T00:00:00Z,20455.73,22150,20270.599999999999,21997.110000000001,1925171592.3440001,0.0001
2023-03-13T00:00:00Z,21998.049999999999,24500,21813.880000000001,24113.48,2389446216.4937048,0.00015042000000000001
2023-03-14T00:00:00Z,24112.27,26386.869999999999,23976.419999999998,24670.41,2388235651.6935,0.0001
2023-03-15T00:00:00Z,24670.41,25196.970000000001,23896.950000000001,24285.66,2266506830.5388112,0.0001
2023-03-16T00:00:00Z,24285.66,25167.400000000001,24123,24998.779999999999,2595641055.132401,3.311e-05
2023-03-17T00:00:00Z,24998.779999999999,27756.84,24890,27395.130000000001,2923114445.8145447,0.0001
2023-03-18T00:00:00Z,27395.130000000001,27724.849999999999,26578,26907.490000000002,2867716625.8437595,0.0001
2023-03-19T00:00:00Z,26907.490000000002,28390.099999999999,26827.220000000001,27972.869999999999,3130133217.25,0.0001
2023-03-20T00:00:00Z,27972.869999999999,28472,27124.470000000001,27717.009999999998,3079303414.0559235,8.1180000000000005e-05
2023-03-21T00:00:00Z,27717.009999999998,28438.549999999999,27303.099999999999,28105.470000000001,3103938123.2873192,2.6800000000000002e-06
2023-03-22T00:00:00Z,28107.810000000001,28868.049999999999,26601.799999999999,27250.970000000001,2786993915.6485438,2.48e-06
2023-03-23T00:00:00Z,27250.970000000001,28750,27105,28295.41,2944751221.6083002,0.0001
2023-03-24T00:00:00Z,28295.419999999998,28374.299999999999,27000,27454.470000000001,2692464339.3713818,-3.1e-06
2023-03-25T00:00:00Z,27454.459999999999,27787.330000000002,27156.09,27462.950000000001,2668819510.9582853,6.0999999999999998e-07
2023-03-26T00:00:00Z,27462.959999999999,28194.400000000001,27417.759999999998,27968.049999999999,2864745217.6185002,2.9050000000000001e-05
2023-03-27T00:00:00Z,27968.049999999999,28023.860000000001,26508.139999999999,27124.91,2680025825.2526002,-1.428e-05
2023-03-28T00:00:00Z,27124.900000000001,27520,26631.779999999999,27261.07,2786273731.8390999,6.0749999999999999e-05
2023-03-29T00:00:00Z,27261.060000000001,28650,27240.099999999999,28348.599999999999,3100659131.2259998,6.9869999999999993e-05
2023-03-30T00:00:00Z,28348.599999999999,29184.68,27686,28028.529999999999,2853954435.2905998,-2.7120000000000001e-05
2023-03-31T00:00:00Z,28028.529999999999,28656.689999999999,27511.709999999999,28465.360000000001,3064192306.3956566,0.0001
2023-04-01T00:00:00Z,28465.360000000001,28819.709999999999,28220.27,28452.73,3013653320.3699999,4.5269999999999999e-05
2023-04-02T00:00:00Z,28452.740000000002,28530,27856.43,28171.869999999999,2954554151.0911999,1.7589999999999999e-05
2023-04-03T00:00:00Z,28171.869999999999,28500.990000000002,27200.240000000002,27800,2621631208.1542859,-6.0090000000000002e-05
2023-04-04T00:00:00Z,27800,28444.439999999999,27662.790000000001,28165.470000000001,2737177342.1181002,2.76e-05
2023-04-05T00:00:00Z,28165.470000000001,28775,27805.099999999999,28170.009999999998,2706769142.2495966,1.4419999999999999e-05
2023-04-06T00:00:00Z,28170.009999999998,28182.049999999999,27711,28033.82,2761352830.6037002,1.004e-05
2023-04-07T00:00:00Z,28033.830000000002,28100,27766.939999999999,27906.330000000002,2843884736.2287002,2.6800000000000002e-06
2023-04-08T00:00:00Z,27906.34,28154.990000000002,27859.02,27938.380000000001,2842859867.5969467,9.5000000000000005e-06
2023-04-09T00:00:00Z,27938.380000000001,28530,27800,28323.759999999998,2935761017.2142,0.0001
2023-04-10T00:00:00Z,28323.759999999998,29770,28170,29637.34,3510616939.7921152,0.0001
2023-04-11T00:00:00Z,29637.349999999999,30550,29590,30200.419999999998,3441353126.0304461,9.5820000000000001e-05
2023-04-12T00:00:00Z,30200.43,30486,29637.400000000001,29888.07,3400491402.5,6.6649999999999994e-05
2023-04-13T00:00:00Z,29888.07,30595,29854.59,30373.84,3402258220.8252001,-1.13e-06
2023-04-14T00:00:00Z,30373.84,31000,29966,30466.93,3041482925.2198286,-4.9750000000000003e-05
2023-04-15T00:00:00Z,30466.93,30595.599999999999,30202,30295.09,3065391911.9934034,7.1439999999999994e-05
2023-04-16T00:00:00Z,30295.099999999999,30549.990000000002,30120,30304.650000000001,3031175225.5817919,0.0001
2023-04-17T00:00:00Z,30304.66,30316.060000000001,29240.650000000001,29430.27,2957545725.1065001,4.6829999999999997e-05
2023-04-18T00:00:00Z,29430.27,30485,29096.779999999999,30380.009999999998,3005865565.5497632,0.0001
2023-04-19T00:00:00Z,30380.009999999998,30413.529999999999,28520,28797.099999999999,2776427779.9962001,8.5790000000000004e-05
2023-04-20T00:00:00Z,28797.099999999999,29088.299999999999,28010,28243.650000000001,2794302630.7775998,6.2970000000000002e-05
2023-04-21T00:00:00Z,28243.650000000001,28374.02,27125,27262.84,2787670395.8524132,0.0001
2023-04-22T00:00:00Z,27262.84,27882.720000000001,27140.349999999999,27816.849999999999,2913211333.8867002,3.7679999999999998e-05
2023-04-23T00:00:00Z,27816.849999999999,27816.849999999999,27311.25,27590.599999999999,2849675923.7566838,4.6789999999999998e-05
2023-04-24T00:00:00Z,27590.59,28000,26942.82,27510.93,2820532762.3117418,5.0659999999999999e-05
2023-04-25T00:00:00Z,27510.93,28399.990000000002,27192,28300.790000000001,2877760143.8119998,4.3460000000000001e-05
2023-04-26T00:00:00Z,28300.799999999999,30036,27235,28415.290000000001,2627341734.3711281,2.5179999999999999e-05
2023-04-27T00:00:00Z,28415.290000000001,29890,28378.860000000001,29472.77,2917706235.8903813,0.0001
2023-04-28T00:00:00Z,29472.77,29599.540000000001,28891,29311.700000000001,2941081219.5840001,3.7e-07
2023-04-29T00:00:00Z,29311.689999999999,29448.880000000001,29031,29230.450000000001,2928494811.237946,3.1319999999999998e-05
2023-04-30T00:00:00Z,29230.450000000001,29969.389999999999,29079.59,29233.209999999999,2863717742.9168,2.4349999999999999e-05
2023-05-01T00:00:00Z,29233.200000000001,29337.34,27666.950000000001,28068.259999999998,2857513230.6687999,9.6800000000000005e-06
2023-05-02T00:00:00Z,28068.259999999998,28879.880000000001,27872,28669.860000000001,2906334963.705987,8.5680000000000006e-05
2023-05-03T00:00:00Z,28669.849999999999,29266.66,28113.689999999999,29026.16,2813468529.5282998,0.0001
2023-05-04T00:00:00Z,29026.16,29379.830000000002,28663.639999999999,28838.16,2916384475.5640001,3.731e-05
2023-05-05T00:00:00Z,28838.16,29677,28800,29505.610000000001,3099805006.775526,0.0001
2023-05-06T00:00:00Z,29505.599999999999,29820,28300,28848.200000000001,2843694014.5432,4.3210000000000001e-05
2023-05-07T00:00:00Z,28848.189999999999,29138.290000000001,28395.23,28430.099999999999,2842484025.0300002,7.1999999999999997e-06
2023-05-08T00:00:00Z,28430.09,28631.009999999998,27262,27668.790000000001,2919554743.8438001,5.1100000000000002e-05
2023-05-09T00:00:00Z,27668.799999999999,27818,27353,27628.27,2996089470.4581208,3.752e-05
2023-05-10T00:00:00Z,27628.279999999999,28331.419999999998,26777,27598.75,2809605865.2760868,1.596e-05
2023-05-11T00:00:00Z,27598.740000000002,27630.139999999999,26702.049999999999,26968.619999999999,2926006494.9735265,3.6329999999999999e-05
2023-05-12T00:00:00Z,26968.610000000001,27091.119999999999,25811.459999999999,26795.009999999998,2862578966.7635999,-9.9999999999999995e-08
2023-05-13T00:00:00Z,26795.009999999998,27045.450000000001,26692.029999999999,26775.279999999999,2875931385.5159998,1.715e-05
2023-05-14T00:00:00Z,26775.27,27200,26560.529999999999,26917.619999999999,2898486985.7463222,4.4070000000000003e-05
2023-05-15T00:00:00Z,26917.610000000001,27663.59,26726,27162.139999999999,2911729237.0450001,8.6600000000000004e-05
2023-05-16T00:00:00Z,27162.150000000001,27296.889999999999,26852.110000000001,27033.84,2937877945.8467999,8.3919999999999996e-05
2023-05-17T00:00:00Z,27033.849999999999,27500,26544.709999999999,27405.610000000001,2954000926.9197998,0.0001
2023-05-18T00:00:00Z,27405.619999999999,27485.330000000002,26361.200000000001,26821.279999999999,2812531567.3963122,2.7160000000000001e-05
2023-05-19T00:00:00Z,26821.279999999999,27183.599999999999,26630,26880.259999999998,2797787361.27,5.3130000000000001e-05
2023-05-20T00:00:00Z,26880.259999999998,27150,26825.110000000001,27102.43,2839981382.297873,4.7759999999999997e-05
2023-05-21T00:00:00Z,27102.419999999998,27277.549999999999,26666.029999999999,26747.779999999999,2835804091.1871748,3.0190000000000001e-05
2023-05-22T00:00:00Z,26747.779999999999,27099.889999999999,26538.209999999999,26849.27,2825844455.8516998,0.0001
2023-05-23T00:00:00Z,26849.279999999999,27495.830000000002,26798.110000000001,27219.610000000001,2857184828.0759001,0.0001
2023-05-24T00:00:00Z,27219.610000000001,27219.610000000001,26080.5,26329.009999999998,3025838179.2396922,5.8199999999999998e-05
2023-05-25T00:00:00Z,26329,26631.98,25871.889999999999,26473.790000000001,2963684544.59477,0.0001
2023-05-26T00:00:00Z,26473.799999999999,26932.16,26327.240000000002,26705.919999999998,2833010787.6716046,7.1459999999999997e-05
2023-05-27T00:00:00Z,26705.93,26895,26551,26854.27,2912606440.7688928,9.8800000000000003e-05
2023-05-28T00:00:00Z,26854.279999999999,28261.32,26764.360000000001,28065,3116827706.5598001,0.0001
2023-05-29T00:00:00Z,28065.009999999998,28447.139999999999,27524.599999999999,27736.400000000001,3095970671.950665,6.1870000000000002e-05
2023-05-30T00:00:00Z,27736.389999999999,28038.59,27554,27694.400000000001,3077488158.238739,2.3439999999999999e-05
2023-05-31T00:00:00Z,27694.389999999999,27835.509999999998,26839.009999999998,27210.349999999999,3036897096.4436002,2.0959999999999999e-05
2023-06-01T00:00:00Z,27210.360000000001,27350,26605.049999999999,26817.93,3043285996.9424,4.7700000000000001e-05
2023-06-02T00:00:00Z,26817.93,27300,26505,27242.59,3066304655.0522938,7.4200000000000001e-05
2023-06-03T00:00:00Z,27242.59,27333.290000000001,26914.93,27069.220000000001,3096880026.0177398,4.85e-05
2023-06-04T00:00:00Z,27069.220000000001,27455.02,26951,27115.209999999999,2949031891.528409,0.0001
2023-06-05T00:00:00Z,27115.200000000001,27129.330000000002,25388,25728.200000000001,3074095486.0017085,-7.1569999999999994e-05
2023-06-06T00:00:00Z,25728.200000000001,27355.330000000002,25351.02,27230.080000000002,2977612379.5320001,0.0001
2023-06-07T00:00:00Z,27230.07,27391.77,26125.009999999998,26339.34,2716756064.0527949,5.5040000000000002e-05
2023-06-08T00:00:00Z,26339.34,26810,26210,26498.610000000001,2738744095.0630507,6.5879999999999999e-05
2023-06-09T00:00:00Z,26498.619999999999,26783.330000000002,26269.91,26477.810000000001,2715595271.8119001,8.7020000000000004e-05
2023-06-10T00:00:00Z,26477.799999999999,26533.869999999999,25358,25841.209999999999,2631772994.0109806,4.4499999999999997e-05
2023-06-11T00:00:00Z,25841.220000000001,26206.880000000001,25634.700000000001,25925.549999999999,2573734655.884285,8.6600000000000004e-05
2023-06-12T00:00:00Z,25925.540000000001,26106.48,25602.110000000001,25905.189999999999,2651952944.8741379,0.0001
2023-06-13T00:00:00Z,25905.200000000001,26433.209999999999,25712.57,25934.25,2678368067.9087338,2.438e-05
2023-06-14T00:00:00Z,25934.240000000002,26098,24820.560000000001,25128.599999999999,2603875911.1026559,-3.2650000000000001e-05
2023-06-15T00:00:00Z,25128.599999999999,25759.009999999998,24800,25598.490000000002,2663373579.7246776,3.9709999999999998e-05
2023-06-16T00:00:00Z,25598.490000000002,26518,25175.560000000001,26345,2756875234.3039999,9.8679999999999997e-05
2023-06-17T00:00:00Z,26345.009999999998,26839.990000000002,26181,26516.990000000002,2737758509.6448002,3.7060000000000001e-05
2023-06-18T00:00:00Z,26516.990000000002,26700,26255.849999999999,26339.970000000001,2744936031.9886642,7.0400000000000004e-05
2023-06-19T00:00:00Z,26339.98,27068.09,26256.610000000001,26844.349999999999,2926206913.1539149,4.35e-05
2023-06-20T00:00:00Z,26844.349999999999,28402.740000000002,26652,28307.990000000002,3436038536.3053002,6.2949999999999999e-05
2023-06-21T00:00:00Z,28308,30800,28257.990000000002,29993.889999999999,3507783992.2007999,0.0001
2023-06-22T00:00:00Z,29993.889999999999,30500,29525.610000000001,29884.919999999998,3522953806.4975991,0.0001
2023-06-23T00:00:00Z,29884.919999999998,31431.939999999999,29800,30688.5,3525387158.9861999,0.0001
2023-06-24T00:00:00Z,30688.509999999998,30800,30250,30527.43,3463691519.8262,0.0001
2023-06-25T00:00:00Z,30527.439999999999,31046.009999999998,30277.490000000002,30462.66,3468302167.4559999,0.0001
2023-06-26T00:00:00Z,30462.669999999998,30666,29930,30267.990000000002,3479590047.0194001,0.0001
2023-06-27T00:00:00Z,30267.990000000002,30994.970000000001,30226.169999999998,30692.439999999999,3561297339.8751998,0.0001
2023-06-28T00:00:00Z,30692.439999999999,30709.740000000002,29858.799999999999,30077.41,3373306933.8695998,6.5740000000000004e-05
2023-06-29T00:00:00Z,30077.400000000001,30843.98,30049.98,30447.310000000001,3598648141.7782001,0.0001
2023-06-30T00:00:00Z,30447.310000000001,31282,29500,30472,3228115375.4018068,0.0001
2023-07-01T00:00:00Z,30471.990000000002,30661.599999999999,30320.57,30585.900000000001,3341251286.4421902,0.0001
2023-07-02T00:00:00Z,30585.900000000001,30791,30155,30617.029999999999,3323739108.0152001,0.0001
2023-07-03T00:00:00Z,30617.02,31380,30570.27,31156.200000000001,3674111247.8218002,0.0001
2023-07-04T00:00:00Z,31156.200000000001,31350.689999999999,30620,30766.509999999998,3507259215.7578301,0.0001
2023-07-05T00:00:00Z,30766.52,30878.07,30200,30504.810000000001,3433267072.6180234,0.0001
2023-07-06T00:00:00Z,30504.799999999999,31500,29850.450000000001,29895.43,3081403648.5873942,6.9800000000000001e-06
2023-07-07T00:00:00Z,29895.419999999998,30449,29701.02,30344.700000000001,3140581378.2114348,3.7570000000000001e-05
2023-07-08T00:00:00Z,30344.700000000001,30386.810000000001,30044.470000000001,30284.630000000001,3136150801.312345,5.7070000000000001e-05
2023-07-09T00:00:00Z,30284.630000000001,30445.52,30061.119999999999,30160.709999999999,3079365873.1223998,-2.1820000000000001e-05
2023-07-10T00:00:00Z,30160.709999999999,31045.779999999999,29950,30411.57,3224107293.1712999,8.0099999999999995e-05
2023-07-11T00:00:00Z,30411.57,30813.630000000001,30300,30622.099999999999,3305583848.1479998,7.0409999999999998e-05
2023-07-12T00:00:00Z,30622.099999999999,30983.25,30210,30380,3374788594.0451999,-1.135e-05
2023-07-13T00:00:00Z,30380,31804.200000000001,30251,31454.23,3501916013.2463999,0.0001
2023-07-14T00:00:00Z,31454.23,31630,29900,30312.009999999998,3065555703.6048579,-7.3129999999999999e-05
2023-07-15T00:00:00Z,30312,30390.900000000001,30200,30289.52,3030841820.1292,1.9930000000000001e-05
2023-07-16T00:00:00Z,30289.52,30441.459999999999,30064.290000000001,30231.990000000002,3049930079.1384001,2.7849999999999999e-05
2023-07-17T00:00:00Z,30232,30336.959999999999,29659.200000000001,30138,3157407876.1573,3.9830000000000003e-05
2023-07-18T00:00:00Z,30138.009999999998,30239.779999999999,29512,29859.130000000001,3188224697.0835938,0.0001
2023-07-19T00:00:00Z,29859.139999999999,30189.09,29761.959999999999,29909.209999999999,3133059072.6935,2.652e-05
2023-07-20T00:00:00Z,29909.209999999999,30417.459999999999,29570.959999999999,29800,3268478989.658,2.8770000000000001e-05
2023-07-21T00:00:00Z,29800,30061.700000000001,29726.34,29901.720000000001,3187326011.8175001,2.1950000000000002e-05
2023-07-22T00:00:00Z,29901.720000000001,29999,29625.099999999999,29794,3147061249.6128001,2.9079999999999999e-05
2023-07-23T00:00:00Z,29793.990000000002,30350,29730,30083.75,3017712091.8000522,0.0001
2023-07-24T00:00:00Z,30083.75,30099.580000000002,28861.900000000001,29176.5,3259943300.1497998,7.7020000000000005e-05
2023-07-25T00:00:00Z,29176.5,29376,29047.650000000001,29228.91,3164139089.2565999,9.4510000000000001e-05
2023-07-26T00:00:00Z,29228.91,29690,29096.939999999999,29351.959999999999,3205444834.3961649,3.1359999999999998e-05
2023-07-27T00:00:00Z,29351.950000000001,29567.490000000002,29083.849999999999,29222.779999999999,3210697355.8229361,4.3730000000000003e-05
2023-07-28T00:00:00Z,29222.779999999999,29542.220000000001,29123.119999999999,29314.139999999999,3163259292.4000001,0.0001
2023-07-29T00:00:00Z,29314.139999999999,29406.919999999998,29256.18,29352.900000000001,3174034431.0102863,8.1509999999999997e-05
2023-07-30T00:00:00Z,29352.900000000001,29449,29033.240000000002,29281.09,3111329106.0432,2.3689999999999998e-05
2023-07-31T00:00:00Z,29281.09,29530,29101.799999999999,29232.25,3181469038.3504,6.3e-05
2023-08-01T00:00:00Z,29232.259999999998,29739.25,28585.700000000001,29705.990000000002,3229857867.7453642,0.0001
2023-08-02T00:00:00Z,29705.990000000002,30047.5,28927.5,29186.009999999998,3277154421.5551271,0.0001
2023-08-03T00:00:00Z,29186,29433.330000000002,28968,29193.639999999999,3255697378.3923001,8.1160000000000002e-05
2023-08-04T00:00:00Z,29193.650000000001,29333.080000000002,28807.540000000001,29113.990000000002,3337622025.6266341,4.1810000000000001e-05
2023-08-05T00:00:00Z,29114,29152.23,28978.639999999999,29072.130000000001,3273257965.8734264,0.0001
2023-08-06T00:00:00Z,29072.130000000001,29205.09,28991.880000000001,29088.419999999998,3231364149.2833314,0.0001
2023-08-07T00:00:00Z,29088.43,29276.779999999999,28701.029999999999,29211.060000000001,3259494672.9241638,0.0001
2023-08-08T00:00:00Z,29211.060000000001,30244,29146.450000000001,29770.419999999998,3692721940.2566199,8.1100000000000006e-05
2023-08-09T00:00:00Z,29770.41,30160,29376.669999999998,29581.990000000002,3485664538.7921,0.0001
2023-08-10T00:00:00Z,29581.990000000002,29738,29320.200000000001,29455.75,3492171893.4531002,0.0001
2023-08-11T00:00:00Z,29455.759999999998,29564.52,29252.450000000001,29426.029999999999,3478190464.0874705,0.0001
2023-08-12T00:00:00Z,29426.02,29481.349999999999,29381.560000000001,29430.169999999998,3447998958.8095999,0.0001
2023-08-13T00:00:00Z,29430.18,29474.650000000001,29272.32,29303.84,3361254312.2214565,0.0001
2023-08-14T00:00:00Z,29303.849999999999,29695.32,29102.450000000001,29430.93,3158851294.7474999,0.0001
2023-08-15T00:00:00Z,29430.919999999998,29499.259999999998,29059.599999999999,29200,3332188329.1487999,0.0001
2023-08-16T00:00:00Z,29200.009999999998,29259.849999999999,28723.080000000002,28730.509999999998,3360810891.4974046,0.0001
2023-08-17T00:00:00Z,28730.509999999998,28783.48,25166,26623.41,2833997854.1779585,0.0001
2023-08-18T00:00:00Z,26623.41,26832.599999999999,25619,26054,2494157940.4380002,-2.74e-06
2023-08-19T00:00:00Z,26054,26281,25801.09,26100.009999999998,2286394628.5752001,-3.0689999999999999e-05
2023-08-20T00:00:00Z,26100.009999999998,26299,25971.049999999999,26189.990000000002,2348590622.1044617,-2.7970000000000002e-05
2023-08-21T00:00:00Z,26190,26258.419999999998,25812,26126.919999999998,2376541800.5237999,-3.0800000000000002e-06
2023-08-22T00:00:00Z,26126.919999999998,26139.419999999998,25300,26056,2267911669.8629999,7.3900000000000004e-06
2023-08-23T00:00:00Z,26055.990000000002,26819.27,25812.82,26432.720000000001,2216906269.6602468,-2.8220000000000001e-05
2023-08-24T00:00:00Z,26432.709999999999,26577.869999999999,25864,26180.049999999999,2239726782.9215631,-6.5899999999999996e-06
2023-08-25T00:00:00Z,26180.049999999999,26314.049999999999,25777.150000000001,26060.009999999998,2191702555.6556001,3.82e-05
2023-08-26T00:00:00Z,26060,26125.77,25985.919999999998,26017.369999999999,2227426791.2084999,9.9000000000000005e-07
2023-08-27T00:00:00Z,26017.380000000001,26182.23,25966.110000000001,26101.77,2258487612.3347998,-3.9500000000000003e-06
2023-08-28T00:00:00Z,26101.779999999999,26253.990000000002,25864.5,26120,2252185710.0639963,8.2400000000000007e-06
2023-08-29T00:00:00Z,26120,28142.849999999999,25922,27716.34,2556851552.4324651,4.8680000000000001e-05
2023-08-30T00:00:00Z,27716.34,27768.57,27017.240000000002,27299.990000000002,2434627641.5320001,2.9090000000000001e-05
2023-08-31T00:00:00Z,27299.990000000002,27587.509999999998,25655.009999999998,25940.779999999999,2138186927.9528999,2.5829999999999998e-05
2023-09-01T00:00:00Z,25940.77,26156,25333.75,25805.049999999999,2158089406.1664,4.9979999999999999e-05
2023-09-02T00:00:00Z,25805.040000000001,25987.5,25752.470000000001,25869.509999999998,2085538159.7698247,4.8390000000000003e-05
2023-09-03T00:00:00Z,25869.52,26135,25800,25971.209999999999,2087520321.5071001,2.69e-05
2023-09-04T00:00:00Z,25971.209999999999,26108.02,25631.209999999999,25826.02,2091684177.9326999,5.3000000000000001e-07
2023-09-05T00:00:00Z,25826.029999999999,25915.490000000002,25562.619999999999,25792.099999999999,2160680827.7205,1.7370000000000001e-05
2023-09-06T00:00:00Z,25792.110000000001,26040,25372.509999999998,25759.950000000001,2143075473.803936,3.8300000000000003e-05
2023-09-07T00:00:00Z,25759.950000000001,26443.139999999999,25615.380000000001,26255,2172245257.1861067,-1.525e-05
2023-09-08T00:00:00Z,26255,26445.5,25647.259999999998,25910.5,2161925931.2670965,-5.0569999999999999e-05
2023-09-09T00:00:00Z,25910.5,25945.09,25796.639999999999,25901.610000000001,2162064077.3610001,-7.3e-07
2023-09-10T00:00:00Z,25901.599999999999,26033.66,25570.57,25841.610000000001,2112043735.8816805,-3.0000000000000001e-06
2023-09-11T00:00:00Z,25841.599999999999,25900.689999999999,24901,25162.52,2249097027.502223,2.73e-05
2023-09-12T00:00:00Z,25162.529999999999,26567,25131.48,25840.099999999999,2254723021.8508105,2.3419999999999999e-05
2023-09-13T00:00:00Z,25840.099999999999,26405.220000000001,25764.169999999998,26222,2355820294.9559927,4.6099999999999999e-06
2023-09-14T00:00:00Z,26222,26860.490000000002,26126.77,26522.73,2430008141.2679,-2.641e-05
2023-09-15T00:00:00Z,26522.73,26888,26224,26600,2305105887.0696883,-1.381e-05
2023-09-16T00:00:00Z,26599.990000000002,26777,26445,26559.669999999998,2296682116.9784002,8.9700000000000005e-06
2023-09-17T00:00:00Z,26559.669999999998,26623.25,26399,26527.509999999998,2247188392.7397194,-5.0799999999999996e-06
2023-09-18T00:00:00Z,26527.5,27409,26377.349999999999,26762.509999999998,2393984114.3380933,2.4680000000000001e-05
2023-09-19T00:00:00Z,26762.5,27483.57,26667.790000000001,27210.259999999998,2521367107.6904998,-2.614e-05
2023-09-20T00:00:00Z,27210.25,27388.630000000001,26800,27125,2449659105.2213302,-2.8999999999999998e-07
2023-09-21T00:00:00Z,27125.009999999998,27159.599999999999,26377.700000000001,26568.080000000002,2455236857.6996527,-6.1999999999999999e-07
2023-09-22T00:00:00Z,26568.080000000002,26743.380000000001,26468.77,26580.139999999999,2460494639.905365,6.6760000000000005e-05
2023-09-23T00:00:00Z,26580.139999999999,26632.810000000001,26509,26575.959999999999,2426972261.3988075,-1.3920000000000001e-05
2023-09-24T00:00:00Z,26575.970000000001,26738.540000000001,26122.080000000002,26248.380000000001,2371897985.979352,-1.26e-05
2023-09-25T00:00:00Z,26248.389999999999,26446.150000000001,25990.459999999999,26304.810000000001,2359013983.2207999,-3.9100000000000002e-05
2023-09-26T00:00:00Z,26304.799999999999,26397.459999999999,26088.34,26221.669999999998,2390632552.1324902,9.9439999999999997e-05
2023-09-27T00:00:00Z,26221.68,26850,26112.060000000001,26372.990000000002,2327465903.3681002,6.7399999999999998e-06
2023-09-28T00:00:00Z,26373,27308.48,26342.400000000001,27021.389999999999,2533323510.0251999,-3.8940000000000003e-05
2023-09-29T00:00:00Z,27021.389999999999,27244.889999999999,26665.16,26906.959999999999,2378401133.2731919,6.4300000000000003e-06
2023-09-30T00:00:00Z,26906.959999999999,27094.990000000002,26886.310000000001,26962.560000000001,2430511505.4496002,2.9500000000000001e-06
2023-10-01T00:00:00Z,26962.57,28065.509999999998,26954.09,27992.57,2452770812.3218002,5.8310000000000002e-05
2023-10-02T00:00:00Z,27992.580000000002,28580,27281.439999999999,27494.509999999998,2426306708.813252,4.172e-05
2023-10-03T00:00:00Z,27494.509999999998,27676.52,27160.5,27426.459999999999,2405660386.1956606,6.0309999999999997e-05
2023-10-04T00:00:00Z,27426.450000000001,27839.720000000001,27202,27778.57,2500761242.5477376,-3.807e-05
2023-10-05T00:00:00Z,27778.57,28120.389999999999,27352,27410.389999999999,2509386652.2670999,-1.1060000000000001e-05
2023-10-06T00:00:00Z,27410.389999999999,28295,27175.939999999999,27931.09,2625391141.054409,2.124e-05
2023-10-07T00:00:00Z,27931.099999999999,28029.669999999998,27842.080000000002,27956.669999999998,2540025554.552,3.14e-06
2023-10-08T00:00:00Z,27956.669999999998,28095.139999999999,27687.5,27917.049999999999,2570111442.5029802,3.9919999999999997e-05
2023-10-09T00:00:00Z,27917.060000000001,27987.93,27260,27590.119999999999,2502596861.1528001,6.3490000000000004e-05
2023-10-10T00:00:00Z,27590.119999999999,27735,27298,27390.119999999999,2546979720.8723998,5.9179999999999999e-05
2023-10-11T00:00:00Z,27390.119999999999,27477.389999999999,26538.66,26875.52,2636200943.6449146,0.0001
2023-10-12T00:00:00Z,26875.52,26947.040000000001,26555,26759.630000000001,2594706779.5321465,2.2940000000000001e-05
2023-10-13T00:00:00Z,26759.630000000001,27130,26685,26862,2612409491.2410002,1.0499999999999999e-06
2023-10-14T00:00:00Z,26862,26989.580000000002,26789,26852.48,2642626225.1297579,-1.509e-05
2023-10-15T00:00:00Z,26852.48,27293.330000000002,26808.25,27154.150000000001,2648259163.962575,5.1100000000000002e-06
2023-10-16T00:00:00Z,27154.139999999999,30000,27112.66,28500.779999999999,2537072193.4527998,2.04e-06
2023-10-17T00:00:00Z,28500.77,28613.650000000001,28069.32,28395.91,2588599278.8439322,-3.3429999999999997e-05
2023-10-18T00:00:00Z,28395.91,28982.360000000001,28142.869999999999,28320,2447132642.8927999,-1.028e-05
2023-10-19T00:00:00Z,28320,28916.889999999999,28100.66,28713.709999999999,2694950420.6292634,-9.2720000000000007e-05
2023-10-20T00:00:00Z,28713.709999999999,30207.549999999999,28578.290000000001,29669.040000000001,2682372711.9389696,-1.5849999999999999e-05
2023-10-21T00:00:00Z,29669.049999999999,30379.990000000002,29464.77,29909.799999999999,2881822564.6449699,2.567e-05
2023-10-22T00:00:00Z,29909.799999999999,30248,29640,29992.459999999999,2791064076.7217999,8.25e-05
2023-10-23T00:00:00Z,29992.459999999999,34741.910000000003,29883.599999999999,33069.989999999998,2933789254.48488,0.0001
2023-10-24T00:00:00Z,33069.989999999998,35280,32832.339999999997,33922.730000000003,2876733397.0683999,0.0001
2023-10-25T00:00:00Z,33922.730000000003,35132.849999999999,33679.050000000003,34496.050000000003,2893470020.0059781,0.0001
2023-10-26T00:00:00Z,34496.050000000003,34824.129999999997,33751,34151.660000000003,2895689579.5879998,0.0001
2023-10-27T00:00:00Z,34151.660000000003,34245,33390.949999999997,33892.019999999997,2864224207.6954999,0.0001
2023-10-28T00:00:00Z,33892.010000000002,34493.330000000002,33860,34081,2887262193.6408734,0.0001
2023-10-29T00:00:00Z,34081.010000000002,34750.110000000001,33930,34525.889999999999,3040944814.3590002,0.0001
2023-10-30T00:00:00Z,34525.879999999997,34856,34062.839999999997,34474.730000000003,2992900739.4408398,0.0001
2023-10-31T00:00:00Z,34474.739999999998,34720.489999999998,34025,34639.769999999997,3057784690.7146001,0.0001
2023-11-01T00:00:00Z,34639.779999999999,35582,34097.389999999999,35421.43,3076428600,0.0001
2023-11-02T00:00:00Z,35421.43,35984.989999999998,34300,34941.589999999997,2844950487.817193,0.0001
2023-11-03T00:00:00Z,34941.580000000002,34946.5,34120,34716.779999999999,2827142986.1241841,0.0001
2023-11-04T00:00:00Z,34716.779999999999,35255,34585.18,35062.07,2930474825.5734129,0.0001
2023-11-05T00:00:00Z,35062.059999999998,35380,34448,35011.879999999997,3014706431.7066984,0.0001
2023-11-06T00:00:00Z,35011.889999999999,35276.330000000002,34725.900000000001,35046.089999999997,3019942071.4114246,0.0001
2023-11-07T00:00:00Z,35046.089999999997,35888,34523.059999999998,35399.120000000003,3142620114.9924002,0.0001
2023-11-08T00:00:00Z,35399.129999999997,36106,35100,35624.720000000001,3220836717.8171721,0.0001
2023-11-09T00:00:00Z,35624.720000000001,37972.239999999998,35534.050000000003,36701.089999999997,2919666647.2606521,0.0001
2023-11-10T00:00:00Z,36701.099999999999,37526,36324.709999999999,37301.629999999997,2979302804.3981161,0.0001
2023-11-11T00:00:00Z,37301.629999999997,37408.260000000002,36666.93,37130,2986576714.23,0.00015430000000000001
2023-11-12T00:00:00Z,37129.989999999998,37222.220000000001,36731.099999999999,37064.129999999997,2998374156.4914551,0.00032466999999999999
2023-11-13T00:00:00Z,37064.129999999997,37417.989999999998,36333,36462.93,2934227437.9054494,0.00017382000000000001
2023-11-14T00:00:00Z,36462.93,36744,34800,35551.190000000002,2805329362.9776001,0.0001
2023-11-15T00:00:00Z,35551.199999999997,37980,35360,37858.199999999997,3147217400.0881319,0.0001
2023-11-16T00:00:00Z,37858.199999999997,37929.540000000001,35500,36163.510000000002,2926512975.8325448,0.0001
2023-11-17T00:00:00Z,36163.510000000002,36800,35861.099999999999,36613.919999999998,2853864603.822,0.0001
2023-11-18T00:00:00Z,36613.910000000003,36845.489999999998,36178.580000000002,36568.099999999999,2904252185.2292171,0.0001
2023-11-19T00:00:00Z,36568.110000000001,37500,36384.019999999997,37359.860000000001,3021916217.3969998,0.0001
2023-11-20T00:00:00Z,37359.849999999999,37750,36677,37448.779999999999,3123825610.9204965,0.0001
2023-11-21T00:00:00Z,37448.790000000001,37649.440000000002,35735,35741.650000000001,2842011025.6999998,0.0001
2023-11-22T00:00:00Z,35741.650000000001,37861.099999999999,35632.010000000002,37408.339999999997,3025488623.4636002,0.0001
2023-11-23T00:00:00Z,37408.349999999999,37653.440000000002,36870,37294.279999999999,3056863102.0279999,0.0001
2023-11-24T00:00:00Z,37294.269999999997,38414,37251.510000000002,37713.57,3017712911.1336002,0.0001
2023-11-25T00:00:00Z,37713.57,37888,37591.099999999999,37780.669999999998,3005172728.9202199,0.0001
2023-11-26T00:00:00Z,37780.669999999998,37814.629999999997,37150,37447.43,2962215222.6739998,0.0001
2023-11-27T00:00:00Z,37447.419999999998,37569.230000000003,36707,37242.699999999997,2951276964.3417001,0.0001
2023-11-28T00:00:00Z,37242.699999999997,38377,36868.410000000003,37818.870000000003,3066742354.3347998,0.0001
2023-11-29T00:00:00Z,37818.879999999997,38450,37570,37854.639999999999,3127366417.5351496,0.0001
2023-11-30T00:00:00Z,37854.650000000001,38145.849999999999,37500,37723.959999999999,3115952010.2996998,0.0001
2023-12-01T00:00:00Z,37723.970000000001,38999,37615.860000000001,38682.519999999997,3442571293.2918801,9.9500000000000006e-05
2023-12-02T00:00:00Z,38682.510000000002,39717.139999999999,38641.610000000001,39450.349999999999,3220901149.5463214,0.0001
2023-12-03T00:00:00Z,39450.349999999999,40250,39274.860000000001,39972.260000000002,3198048661.6129456,0.0001
2023-12-04T00:00:00Z,39972.260000000002,42420,39972.260000000002,41991.099999999999,3493323846.3060002,0.0001
2023-12-05T00:00:00Z,41991.099999999999,44488,41414,44073.32,3640385508.5604372,0.0001
2023-12-06T00:00:00Z,44073.82,44297.209999999999,43335.279999999999,43762.690000000002,3732167516.6961999,0.0001
2023-12-07T00:00:00Z,43762.690000000002,44047.330000000002,42821.099999999999,43273.139999999999,3611396556.7680001,0.0001
2023-12-08T00:00:00Z,43273.150000000001,44700,43081.099999999999,44170.989999999998,3629600688.5776,0.00011504
2023-12-09T00:00:00Z,44171,44358.019999999997,43584.510000000002,43713.599999999999,3534264114.1279998,0.00020724
2023-12-10T00:00:00Z,43713.589999999997,44049,43563,43789.510000000002,3642739017.8783998,0.0001473
2023-12-11T00:00:00Z,43789.5,43804.5,40222,41253.400000000001,3117124383.4710002,0.0001
2023-12-12T00:00:00Z,41253.410000000003,42104.120000000003,40680,41492.389999999999,3210972454.4159231,0.00011909
2023-12-13T00:00:00Z,41492.379999999997,43475.199999999997,40555,42869.029999999999,3370793912.5,0.0001
2023-12-14T00:00:00Z,42869.029999999999,43420,41400,43022.260000000002,3285507045.5224528,0.0001
2023-12-15T00:00:00Z,43022.260000000002,43080.809999999998,41666,41940.300000000003,3181354120.3294892,0.0001
2023-12-16T00:00:00Z,41940.290000000001,42724.43,41605,42278.029999999999,3185376678.9773998,0.0001
2023-12-17T00:00:00Z,42278.019999999997,42424.07,41252,41374.650000000001,3159805203.8876839,0.00013354999999999999
2023-12-18T00:00:00Z,41374.639999999999,42757.809999999998,40542.93,42657.800000000003,3223158517.7348256,0.0001
2023-12-19T00:00:00Z,42657.800000000003,43497,41811.099999999999,42275.989999999998,3246285152.7378287,0.00010506
2023-12-20T00:00:00Z,42275.989999999998,44283,42206,43668.93,3483942335.2328649,0.00027143000000000002
2023-12-21T00:00:00Z,43668.919999999998,44242.349999999999,43286.720000000001,43861.800000000003,3535175614.9878001,0.00030805999999999997
2023-12-22T00:00:00Z,43861.790000000001,44398.260000000002,43412.540000000001,43969.040000000001,3402426910.3236771,0.00016285
2023-12-23T00:00:00Z,43969.040000000001,43988.68,43291.099999999999,43702.160000000003,3437914051.0423999,0.0001
2023-12-24T00:00:00Z,43702.150000000001,43946,42500,42991.5,3320844381.4905,0.0001
2023-12-25T00:00:00Z,42991.5,43802.32,42720.43,43576.129999999997,3381113672.4598451,0.00043391000000000002
2023-12-26T00:00:00Z,43576.120000000003,43592.68,41637.599999999999,42508.93,3385883768.8365002,0.00027620999999999999
2023-12-27T00:00:00Z,42508.93,43677,42098.690000000002,43428.849999999999,3304273522.9576936,0.00013020999999999999
2023-12-28T00:00:00Z,43428.860000000001,43787.57,42241.790000000001,42563.760000000002,3220256304.5999999,0.00055170000000000002
2023-12-29T00:00:00Z,42563.760000000002,43111,41300,42066.949999999997,3187418072.2656002,0.00033032999999999999
2023-12-30T00:00:00Z,42066.940000000002,42612.32,41520.300000000003,42140.279999999999,3182622877.3094492,0.00027855000000000002
2023-12-31T00:00:00Z,42140.290000000001,42899,41965.839999999997,42283.580000000002,3131493738.8973999,0.00037408999999999999
2024-01-01T00:00:00Z,42283.580000000002,44184.099999999999,42180.769999999997,44179.550000000003,3388422457.2996001,0.00065846000000000003
2024-01-02T00:00:00Z,44179.550000000003,45879.629999999997,44148.339999999997,44946.910000000003,3588127810.346241,0.00021159
2024-01-03T00:00:00Z,44946.910000000003,45500,40750,42845.230000000003,2942932314.1525998,0.0001
2024-01-04T00:00:00Z,42845.230000000003,44729.580000000002,42613.769999999997,44151.099999999999,3150422054.789,0.0001
2024-01-05T00:00:00Z,44151.099999999999,44357.459999999999,42450,44145.110000000001,2970316346.1174002,0.0001
2024-01-06T00:00:00Z,44145.120000000003,44214.419999999998,43397.050000000003,43968.32,3004561537.2922392,0.0001
2024-01-07T00:00:00Z,43968.32,44480.589999999997,43572.089999999997,43929.019999999997,3099406812.6465001,0.0001
2024-01-08T00:00:00Z,43929.010000000002,47248.989999999998,43175,46951.040000000001,3504044634.9380002,0.0001
2024-01-09T00:00:00Z,46951.040000000001,47972,44748.669999999998,46110,3264744018.9645,0.0001
2024-01-10T00:00:00Z,46110,47695.93,44300.360000000001,46653.989999999998,3199342674.6482,0.0001
2024-01-11T00:00:00Z,46654,48969.480000000003,45606.059999999998,46339.160000000003,3309033664.1914411,0.0001
2024-01-12T00:00:00Z,46339.160000000003,46515.529999999999,41500,42782.730000000003,3199888760.4676309,0.0001
2024-01-13T00:00:00Z,42782.739999999998,43257,42436.120000000003,42847.989999999998,3219876239.7789602,0.0001
2024-01-14T00:00:00Z,42847.989999999998,43079,41720,41732.349999999999,3217372598.5128002,0.0001
2024-01-15T00:00:00Z,41732.349999999999,43400.43,41718.050000000003,42511.099999999999,3142145940.881022,0.0001
2024-01-16T00:00:00Z,42511.099999999999,43578.010000000002,42050,43137.949999999997,3197962020.9221296,0.0001
2024-01-17T00:00:00Z,43137.940000000002,43198,42200.690000000002,42776.099999999999,3241221637.446548,0.0001
2024-01-18T00:00:00Z,42776.089999999997,42930,40683.279999999999,41327.5,3211065366.4945502,0.0001
2024-01-19T00:00:00Z,41327.510000000002,42196.860000000001,40280,41659.029999999999,3103626971.8652,0.0001
2024-01-20T00:00:00Z,41659.029999999999,41872.559999999998,41456.300000000003,41696.040000000001,3111176053.7169108,0.0001
2024-01-21T00:00:00Z,41696.050000000003,41881.389999999999,41500.980000000003,41580.330000000002,3104050346.1176238,0.0001
2024-01-22T00:00:00Z,41580.32,41689.650000000001,39431.580000000002,39568.019999999997,3016386430.6061201,0.0001
2024-01-23T00:00:00Z,39568.019999999997,40176.739999999998,38555,39897.599999999999,3024749801.1557202,0.0001
2024-01-24T00:00:00Z,39897.589999999997,40555,39484.190000000002,40084.879999999997,3058299123.6564002,0.0001
2024-01-25T00:00:00Z,40084.889999999999,40300.239999999998,39550,39961.089999999997,3113897055.5159998,0.0001
2024-01-26T00:00:00Z,39961.089999999997,42246.82,39822.519999999997,41823.510000000002,3316434278.2768002,8.9660000000000006e-05
2024-01-27T00:00:00Z,41823.510000000002,42200,41394.339999999997,42120.629999999997,3295381338.3021998,0.0001
2024-01-28T00:00:00Z,42120.629999999997,42842.68,41620.809999999998,42031.059999999998,3158496136.8210001,0.0001
2024-01-29T00:00:00Z,42031.050000000003,43333,41804.879999999997,43302.699999999997,3335235557.8224001,0.0001
2024-01-30T00:00:00Z,43302.709999999999,43882.360000000001,42683.989999999998,42941.099999999999,3169390457.3697801,2.154e-05
2024-01-31T00:00:00Z,42941.099999999999,43745.110000000001,42276.839999999997,42580,3062686083.8990817,0.0001
2024-02-01T00:00:00Z,42580,43285.129999999997,41884.279999999999,43082.940000000002,3182427708.5925999,0.0001
2024-02-02T00:00:00Z,43082.949999999997,43488,42546.790000000001,43200,3208108021.0802999,7.627e-05
2024-02-03T00:00:00Z,43199.989999999998,43380.010000000002,42880,43011.089999999997,3254143350.1529751,8.3070000000000003e-05
2024-02-04T00:00:00Z,43011.099999999999,43119.040000000001,42222,42582.879999999997,3290141120.6829,0.0001
2024-02-05T00:00:00Z,42582.879999999997,43569.760000000002,42258.099999999999,42708.699999999997,3405591772.5471072,0.0001
2024-02-06T00:00:00Z,42708.699999999997,43399.980000000003,42574,43098.949999999997,3459860049.9710999,7.5270000000000003e-05
2024-02-07T00:00:00Z,43098.959999999999,44396.5,42788,44349.599999999999,3670966082.2182789,0.0001
2024-02-08T00:00:00Z,44349.599999999999,45614.300000000003,44331.099999999999,45288.650000000001,3853015028.5707002,3.1600000000000002e-05
2024-02-09T00:00:00Z,45288.660000000003,48200,45242.120000000003,47132.769999999997,3920492207.5127001,8.0409999999999998e-05
2024-02-10T00:00:00Z,47132.779999999999,48170,46800,47751.089999999997,4143193576.2839818,0.0001
2024-02-11T00:00:00Z,47751.080000000002,48592.660000000003,47557.160000000003,48299.989999999998,4315189197.1295938,0.0001
2024-02-12T00:00:00Z,48300,50334.82,47710.010000000002,49917.269999999997,4611839977.7243147,0.0001
2024-02-13T00:00:00Z,49917.279999999999,50368.610000000001,48300.949999999997,49699.589999999997,4382490236.0510044,0.0001
2024-02-14T00:00:00Z,49699.599999999999,52043.709999999999,49225.010000000002,51795.169999999998,4689885662.425622,0.0001
2024-02-15T00:00:00Z,51795.169999999998,52816.620000000003,51314,51880,4526231159.8811998,0.0001
2024-02-16T00:00:00Z,51880.010000000002,52572.080000000002,51566,52124.110000000001,4565473569.2368546,0.0001
2024-02-17T00:00:00Z,52124.099999999999,52162.82,50625,51642.639999999999,4520394615.0649004,0.00017239999999999999
2024-02-18T00:00:00Z,51642.639999999999,52377,51163.279999999999,52137.669999999998,4461770305.3759584,0.00023064
2024-02-19T00:00:00Z,52137.68,52488.769999999997,51677,51774.730000000003,4543168128.3845043,0.00010461
2024-02-20T00:00:00Z,51774.739999999998,52985,50760.370000000003,52258.82,4560637493.9757996,0.0001
2024-02-21T00:00:00Z,52258.82,52366.800000000003,50625,51849.389999999999,4474425868.2208996,0.0001
2024-02-22T00:00:00Z,51849.379999999997,52065.779999999999,50940.779999999999,51288.419999999998,4355426950.2960196,0.0001
2024-02-23T00:00:00Z,51288.419999999998,51548.540000000001,50521,50744.150000000001,4478866835.7972012,0.0001
2024-02-24T00:00:00Z,50744.150000000001,51698,50585,51568.220000000001,4491667725.7015905,0.00011438
2024-02-25T00:00:00Z,51568.209999999999,51958.550000000003,51279.800000000003,51728.849999999999,4472660052.4531364,0.00026760999999999999
2024-02-26T00:00:00Z,51728.849999999999,54910,50901.440000000002,54476.470000000001,4630045990.9703999,0.00032262000000000002
2024-02-27T00:00:00Z,54476.480000000003,57588.150000000001,54450.129999999997,57037.339999999997,4605478042.3384933,0.00026729
2024-02-28T00:00:00Z,57037.349999999999,64000,56691.849999999999,62432.099999999999,4707465105.1539049,0.00069090999999999998
2024-02-29T00:00:00Z,62432.110000000001,63676.349999999999,60364.699999999997,61130.980000000003,4403912741.4273996,0.00053322000000000005
2024-03-01T00:00:00Z,61130.989999999998,63114.230000000003,60777,62387.900000000001,4611902430.1916637,0.00033426000000000002
2024-03-02T00:00:00Z,62387.900000000001,62433.190000000002,61561.120000000003,61987.279999999999,4523356190.7600002,0.00046266999999999999
2024-03-03T00:00:00Z,61987.279999999999,63231.879999999997,61320,63113.970000000001,4777980885.3069,0.00055071000000000004
2024-03-04T00:00:00Z,63113.970000000001,68499,62300,68245.710000000006,5537913348.8598003,0.00048959999999999997
2024-03-05T00:00:00Z,68245.710000000006,69000,59005,63724.010000000002,4571608416.126955,0.00036279999999999998
2024-03-06T00:00:00Z,63724.010000000002,67641.100000000006,62779.139999999999,66074.039999999994,4843864009.9016371,0.00030310999999999999
2024-03-07T00:00:00Z,66074.039999999994,67980,65551,66823.169999999998,4913347751.2575998,0.00034819000000000001
2024-03-08T00:00:00Z,66823.179999999993,69990,66082.660000000003,68124.190000000002,5044291842.1408348,0.00019133999999999999
2024-03-09T00:00:00Z,68124.199999999997,68541.100000000006,67861.100000000006,68313.270000000004,5034394125.2012997,0.0003101
2024-03-10T00:00:00Z,68313.279999999999,69887.610000000001,68094.75,68955.880000000005,5340944586,0.00035489000000000001
2024-03-11T00:00:00Z,68955.880000000005,72800,67024.960000000006,72078.100000000006,5728563062.372282,0.00044470000000000002
2024-03-12T00:00:00Z,72078.100000000006,73000,68620.820000000007,71452.009999999995,5585900127.9264002,0.00033223999999999998
2024-03-13T00:00:00Z,71452,73650.25,71333.309999999998,73072.410000000003,5878704756.4552011,0.00024393
2024-03-14T00:00:00Z,73072.399999999994,73777,68555,71388.940000000002,6000778051.8311234,0.00038515000000000001
2024-03-15T00:00:00Z,71388.940000000002,72419.710000000006,65600,69499.850000000006,5515912006.656868,0.0001
2024-03-16T00:00:00Z,69499.839999999997,70043,64780,65300.629999999997,5003547873.3970003,0.00013088999999999999
2024-03-17T00:00:00Z,65300.639999999999,68904.399999999994,64533,68393.479999999996,5375612962.5600004,0.00020180999999999999
2024-03-18T00:00:00Z,68393.470000000001,68956,66565.199999999997,67609.990000000005,5351864595.0554161,0.00026923000000000002
2024-03-19T00:00:00Z,67610,68124.110000000001,61555,61937.400000000001,4831657333.0740004,0.00015846999999999999
2024-03-20T00:00:00Z,61937.410000000003,68100,60775,67840.509999999995,5222345614.4160004,0.00010403000000000001
2024-03-21T00:00:00Z,67840.509999999995,68240.470000000001,64529.010000000002,65501.269999999997,4938046448.5434999,0.00016270999999999999
2024-03-22T00:00:00Z,65501.279999999999,66649.619999999995,62260,63796.639999999999,4663036381.821146,0.0001
2024-03-23T00:00:00Z,63796.639999999999,65999,63000,63990.010000000002,4733665911.5630999,0.00010351
2024-03-24T00:00:00Z,63990.019999999997,67628.690000000002,63772.290000000001,67209.990000000005,5181158418.9434462,0.00025548999999999998
2024-03-25T00:00:00Z,67210,71150,66385.059999999998,69880.009999999995,5511548858.0880003,0.00021963000000000001
2024-03-26T00:00:00Z,69880,71561.100000000006,69280,69988,5579098914.953517,0.00028757000000000001
2024-03-27T00:00:00Z,69987.990000000005,71769.539999999994,68359.179999999993,69469.990000000005,5780796470.9196997,0.00024195
2024-03-28T00:00:00Z,69469.990000000005,71552.059999999998,68903.619999999995,70780.600000000006,5886197843.2971764,0.00018249999999999999
2024-03-29T00:00:00Z,70780.600000000006,70916.160000000003,69009,69850.539999999994,5668572793.5721598,0.00019624
2024-03-30T00:00:00Z,69850.529999999999,70321.100000000006,69540,69582.179999999993,5586667134.0748367,0.00032351
2024-03-31T00:00:00Z,69582.169999999998,71366,69562.990000000005,71280.009999999995,5901774621.3319998,0.00070160999999999997
2024-04-01T00:00:00Z,71280,71288.229999999996,68062.860000000001,69649.800000000003,5866211632.5,0.00010925999999999999
2024-04-02T00:00:00Z,69649.809999999998,69674.229999999996,64550,65463.989999999998,5110906113.0543489,0.0001
2024-04-03T00:00:00Z,65463.989999999998,66903.630000000005,64493.07,65963.279999999999,5283962981.8079996,0.0001
2024-04-04T00:00:00Z,65963.270000000004,69309.910000000003,65064.519999999997,68487.789999999994,5373354245.9379997,0.0001
2024-04-05T00:00:00Z,68487.800000000003,68756.669999999998,65952.559999999998,67820.619999999995,5098412003.9471998,0.0001
2024-04-06T00:00:00Z,67820.630000000005,69692,67447.830000000002,68896,5270382006.2428398,0.0001
2024-04-07T00:00:00Z,68896,70326.289999999994,68824,69360.389999999999,5552620389.0959997,0.0001
2024-04-08T00:00:00Z,69360.380000000005,72797.990000000005,69043.240000000005,71620,5751351290.9887009,0.00020914999999999999
2024-04-09T00:00:00Z,71620,71758.190000000002,68210,69146,5548387177.9665003,0.00011929
2024-04-10T00:00:00Z,69146,71172.080000000002,67518,70631.080000000002,5615829043.8659229,0.00013978999999999999
2024-04-11T00:00:00Z,70631.080000000002,71305.889999999999,69567.210000000006,70006.229999999996,5722711140.4152517,0.00011258
2024-04-12T00:00:00Z,70006.220000000001,71227.460000000006,65086.860000000001,67116.520000000004,5377104087.2458,0.0001
2024-04-13T00:00:00Z,67116.520000000004,67929,60660.57,63924.510000000002,4276344489.0378079,0.0001
2024-04-14T00:00:00Z,63924.519999999997,65840,62134,65661.839999999997,4397016459.6901684,0.0001
2024-04-15T00:00:00Z,65661.850000000006,66867.070000000007,62274.400000000001,63419.989999999998,4182217188.1464,5.9530000000000001e-05
2024-04-16T00:00:00Z,63419.989999999998,64365,61600,63793.389999999999,4092548375.8085308,6.3750000000000005e-05
2024-04-17T00:00:00Z,63793.400000000001,64499,59678.160000000003,61277.370000000003,4106927827.5565,6.9369999999999995e-05
2024-04-18T00:00:00Z,61277.379999999997,64117.089999999997,60803.349999999999,63470.080000000002,4291016162.9099998,-3.1199999999999999e-05
2024-04-19T00:00:00Z,63470.089999999997,65450,59600.010000000002,63818.010000000002,4201341584.2779999,0.0001
2024-04-20T00:00:00Z,63818.010000000002,65419,63090.07,64940.589999999997,4365567506.322526,3.1860000000000003e-05
2024-04-21T00:00:00Z,64940.580000000002,65695.559999999998,64237.5,64941.150000000001,4341607068.1887999,4.409e-05
2024-04-22T00:00:00Z,64941.150000000001,67232.350000000006,64500,66819.320000000007,4612440533.0613327,-1.236e-05
2024-04-23T00:00:00Z,66819.320000000007,67183.009999999995,65765.809999999998,66414,4519188916.5363998,1.413e-05
2024-04-24T00:00:00Z,66414,67070.429999999993,63606.059999999998,64289.589999999997,4502870402.0864439,7.0199999999999999e-05
2024-04-25T00:00:00Z,64289.580000000002,65297.940000000002,62794,64498.339999999997,4339384979.9157,1.7090000000000001e-05
2024-04-26T00:00:00Z,64498.330000000002,64820.010000000002,63297.480000000003,63770.010000000002,4289868234.8000998,0.0001
2024-04-27T00:00:00Z,63770,63923.410000000003,62391.239999999998,63461.980000000003,4259970771.3175993,1.006e-05
2024-04-28T00:00:00Z,63461.980000000003,64370,62781,63118.620000000003,4147916818.1496,2.472e-05
2024-04-29T00:00:00Z,63118.620000000003,64228.349999999999,61765.529999999999,63866,4249600673.7465,9.7399999999999996e-05
2024-04-30T00:00:00Z,63866,64734,59191.599999999999,60672,4401006124.6161003,0.0001
2024-05-01T00:00:00Z,60672.010000000002,60841.629999999997,56552.82,58364.970000000001,3988782717.9393082,6.6340000000000005e-05
2024-05-02T00:00:00Z,58364.970000000001,59625,56911.839999999997,59060.610000000001,3988596756.9759998,-1.5489999999999999e-05
2024-05-03T00:00:00Z,59060.599999999999,63333,58811.32,62882.010000000002,4532696146.8424997,2.703e-05
2024-05-04T00:00:00Z,62882.010000000002,64540,62541.029999999999,63892.040000000001,4711630849.7550001,6.9060000000000006e-05
2024-05-05T00:00:00Z,63892.029999999999,64646,62822.169999999998,64012,4646429111.1599998,6.02e-06
2024-05-06T00:00:00Z,64012,65500,62700,63165.190000000002,4470567763.0908003,6.0640000000000002e-05
2024-05-07T00:00:00Z,63165.18,64422.410000000003,62261,62312.080000000002,4421596589.6511002,4.8909999999999998e-05
2024-05-08T00:00:00Z,62312.07,63020.220000000001,60888,61193.029999999999,4262706693.0310535,5.6480000000000001e-05
2024-05-09T00:00:00Z,61193.029999999999,63429.029999999999,60630,63074.010000000002,4397688801.7616997,1.026e-05
2024-05-10T00:00:00Z,63074,63469.129999999997,60187.120000000003,60799.989999999998,4361645107.2173004,8.8809999999999998e-05
2024-05-11T00:00:00Z,60799.989999999998,61515,60487.089999999997,60825.989999999998,4315085776.2256002,2.6040000000000001e-05
2024-05-12T00:00:00Z,60825.989999999998,61888,60610,61483.989999999998,4285950631.2930002,0.0001
2024-05-13T00:00:00Z,61484,63450,60749.209999999999,62940.080000000002,4474091550.4784002,9.8659999999999994e-05
2024-05-14T00:00:00Z,62940.089999999997,63118.360000000001,61142.769999999997,61577.489999999998,4170641640.0340309,0.0001
2024-05-15T00:00:00Z,61577.489999999998,66444.160000000003,61319.470000000001,66206.5,4871614098.2034836,2.103e-05
2024-05-16T00:00:00Z,66206.509999999995,66752.009999999995,64602.769999999997,65235.209999999999,4720324145.7299995,4.6470000000000001e-05
2024-05-17T00:00:00Z,65235.209999999999,67451.199999999997,65106.379999999997,67024,4963738682.0555258,6.28e-06
2024-05-18T00:00:00Z,67024,67400.009999999995,66600,66915.199999999997,5026336633.2269354,3.3389999999999997e-05
2024-05-19T00:00:00Z,66915.199999999997,67700,65857.25,66274.009999999995,4976580230.9921999,5.6069999999999997e-05
2024-05-20T00:00:00Z,66274,71515.559999999998,66060.309999999998,71446.619999999995,5036171033.6190004,0.0001
2024-05-21T00:00:00Z,71446.619999999995,71979,69162.940000000002,70148.339999999997,5504327639.2936954,0.0001
2024-05-22T00:00:00Z,70148.339999999997,70666,68842.190000000002,69166.619999999995,5382884377.6849604,0.0001
2024-05-23T00:00:00Z,69166.619999999995,70096.119999999995,66312.160000000003,67969.649999999994,4817445372.4450998,0.0001
2024-05-24T00:00:00Z,67969.660000000003,69250,66600.119999999995,68549.990000000005,4815103088.7773209,0.0001
2024-05-25T00:00:00Z,68549.990000000005,69610,68500,69290.570000000007,5014419413.6739187,0.0001
2024-05-26T00:00:00Z,69290.559999999998,69562.229999999996,68128.009999999995,68507.669999999998,4870508866.1514997,0.0001
2024-05-27T00:00:00Z,68507.669999999998,70687.559999999998,68250,69436.429999999993,4972110506.8128004,0.0001
2024-05-28T00:00:00Z,69436.429999999993,69591.809999999998,67277.910000000003,68398.389999999999,4919326970.3056393,0.0001
2024-05-29T00:00:00Z,68398.399999999994,68935.679999999993,67124.649999999994,67652.419999999998,5159932381.8662996,0.0001
2024-05-30T00:00:00Z,67652.410000000003,69500,67128,68352.169999999998,5078538140.023653,0.00014599
2024-05-31T00:00:00Z,68352.169999999998,69044.100000000006,66670,67540.009999999995,5170290748.2899561,0.0001
2024-06-01T00:00:00Z,67540.009999999995,67900,67428.440000000002,67766.850000000006,5116940091.2896004,0.0001
2024-06-02T00:00:00Z,67766.839999999997,68460,67257.470000000001,67765.630000000005,5159372575.842,0.0001
2024-06-03T00:00:00Z,67765.619999999995,70288,67612.479999999996,68809.899999999994,5407410350.776,0.00012008
2024-06-04T00:00:00Z,68809.889999999999,71063.449999999997,68567.320000000007,70537.839999999997,5729050379.8599997,0.0001
2024-06-05T00:00:00Z,70537.830000000002,71758,70383.660000000003,71108,5865261111.6498003,0.0001
2024-06-06T00:00:00Z,71108,71700,70117.639999999999,70799.059999999998,5802247218.8650999,0.0001
2024-06-07T00:00:00Z,70799.059999999998,71997.020000000004,68420,69355.600000000006,5714774813.1668997,0.0001
2024-06-08T00:00:00Z,69355.600000000006,69582.199999999997,69168.020000000004,69310.460000000006,5789204346.099,0.0001
2024-06-09T00:00:00Z,69310.460000000006,69857.139999999999,69130.240000000005,69648.139999999999,5822612084.5880003,0.0001
2024-06-10T00:00:00Z,69648.149999999994,70195.940000000002,69172.289999999994,69540,5952333281.3780003,0.0001
2024-06-11T00:00:00Z,69540,69590.009999999995,66051,67314.240000000005,5565232499.8967943,0.0001
2024-06-12T00:00:00Z,67314.229999999996,69999,66905,68263.990000000005,5542733861.6054821,0.0001
2024-06-13T00:00:00Z,68263.979999999996,68449.300000000003,66251.779999999999,66773.009999999995,5485894277.7514229,0.0001
2024-06-14T00:00:00Z,66773.009999999995,67370.240000000005,65078,66043.990000000005,5242135971.7130003,0.0001
2024-06-15T00:00:00Z,66043.990000000005,66478.479999999996,65857.100000000006,66228.25,5330738592.0628548,0.0001
2024-06-16T00:00:00Z,66228.25,66998.699999999997,66034.5,66676.869999999995,5391632282.8967113,0.0001
2024-06-17T00:00:00Z,66676.860000000001,67298.809999999998,65130,66504.330000000002,5291328805.1120005,0.0001
2024-06-18T00:00:00Z,66504.330000000002,66588.229999999996,64060,65175.32,5061413267.25,0.0001
2024-06-19T00:00:00Z,65175.32,65727.539999999994,64666,64974.370000000003,4899797084.020751,3.9339999999999999e-05
2024-06-20T00:00:00Z,64974.370000000003,66482.940000000002,64559.150000000001,64869.989999999998,4823679507.9647999,3.3439999999999998e-05
2024-06-21T00:00:00Z,64869.989999999998,65066.660000000003,63379.349999999999,64143.559999999998,4920756104.6160002,0.0001
2024-06-22T00:00:00Z,64143.559999999998,64546.809999999998,63943.82,64262.010000000002,5013284397.4355297,0.0001
2024-06-23T00:00:00Z,64262.010000000002,64521,63178.32,63210.010000000002,4903544185.8713999,9.5340000000000005e-05
2024-06-24T00:00:00Z,63210.010000000002,63369.800000000003,58402,60293.300000000003,4587530544.3765001,7.4469999999999997e-05
2024-06-25T00:00:00Z,60293.300000000003,62420,60257.059999999998,61806.010000000002,4669622161.6772127,0.0001
2024-06-26T00:00:00Z,61806.010000000002,62487.809999999998,60712,60864.989999999998,4557136663.6506748,0.0001
2024-06-27T00:00:00Z,60864.980000000003,62389.220000000001,60606.629999999997,61706.470000000001,4620399661.0113001,0.0001
2024-06-28T00:00:00Z,61706.459999999999,62225.309999999998,60063,60427.839999999997,4745103580.2364702,0.0001
2024-06-29T00:00:00Z,60427.839999999997,61224,60383.769999999997,60986.68,4911275277.2550001,0.0001
2024-06-30T00:00:00Z,60986.68,63058.760000000002,60712.209999999999,62772.010000000002,5377548313.4815998,0.0001
2024-07-01T00:00:00Z,62772.010000000002,63861.760000000002,62497.199999999997,62899.989999999998,5148136485.1827745,0.0001
2024-07-02T00:00:00Z,62900,63288.830000000002,61806.279999999999,62135.470000000001,5247790595.4729996,0.0001
2024-07-03T00:00:00Z,62135.459999999999,62285.940000000002,59400,60208.580000000002,5299830802.4895,0.0001
2024-07-04T00:00:00Z,60208.57,60498.190000000002,56771,57050.010000000002,5051533909.1624031,0.0001
2024-07-05T00:00:00Z,57050.019999999997,57546,53485.93,56628.790000000001,4705217125.2519999,5.7290000000000002e-05
2024-07-06T00:00:00Z,56628.790000000001,58475,56018,58230.129999999997,4667614546.4663,8.1639999999999998e-05
2024-07-07T00:00:00Z,58230.129999999997,58449.459999999999,55724.370000000003,55857.809999999998,4538953271.8353996,7.9049999999999997e-05
2024-07-08T00:00:00Z,55857.809999999998,58236.730000000003,54260.160000000003,56714.620000000003,4470642111.9349813,0.0001
2024-07-09T00:00:00Z,56714.610000000001,58296,56289.449999999997,58050,4768513096.8998709,0.0001
2024-07-10T00:00:00Z,58050,59470,57157.790000000001,57725.849999999999,4876779182.9107342,0.0001
2024-07-11T00:00:00Z,57725.849999999999,59650,57050,57339.889999999999,4876779182.9107342,6.3780000000000003e-05
2024-07-12T00:00:00Z,57339.889999999999,58526.68,56542.470000000001,57889.099999999999,5056709797.9846067,8.3189999999999995e-05
2024-07-13T00:00:00Z,57889.089999999997,59850,57756.629999999997,59204.019999999997,5056709797.9846067,8.7369999999999999e-05
2024-07-14T00:00:00Z,59204.010000000002,61420.690000000002,59194.010000000002,60797.910000000003,5163249030.9335003,4.5899999999999998e-05
2024-07-15T00:00:00Z,60797.910000000003,64900,60632.300000000003,64724.139999999999,5514588554.79319,-5.062e-05
2024-07-16T00:00:00Z,64724.059999999998,65388.970000000001,62373.239999999998,65043.989999999998,5408023078.2608023,-3.4190000000000003e-05
2024-07-17T00:00:00Z,65044,66128.630000000005,63854,64087.989999999998,5085319693.6211996,6.8900000000000001e-06
2024-07-18T00:00:00Z,64087.989999999998,65133.300000000003,63238.480000000003,63987.919999999998,5026531589.04,4.0290000000000002e-05
2024-07-19T00:00:00Z,63987.919999999998,67386,63300.669999999998,66660,5615334248.9944181,-3.0769999999999998e-05
2024-07-20T00:00:00Z,66660.009999999995,67598,66222.460000000006,67139.960000000006,5556348316.4656067,-5.3130000000000001e-05
2024-07-21T00:00:00Z,67139.970000000001,68366.660000000003,65777,68165.339999999997,5495582355.7040005,9.1360000000000006e-05
2024-07-22T00:00:00Z,68165.350000000006,68474.550000000003,66559.970000000001,67532.009999999995,5460430526.3505297,4.7089999999999998e-05
2024-07-23T00:00:00Z,67532,67750.979999999996,65441.080000000002,65936.009999999995,5423588670.2536001,0.0001
2024-07-24T00:00:00Z,65936,67102.009999999995,65111,65376,5298286758.1149998,0.0001
2024-07-25T00:00:00Z,65376.010000000002,66175.490000000005,63456.699999999997,65799.949999999997,5480758418.6408205,0.0001
2024-07-26T00:00:00Z,65799.949999999997,68200,65722.630000000005,67907.990000000005,5746336760.8599997,6.5469999999999995e-05
2024-07-27T00:00:00Z,67908,69399.990000000005,66650,67896.5,5842012173.5248032,8.1799999999999996e-05
2024-07-28T00:00:00Z,67896.490000000005,68318.429999999993,67066.660000000003,68249.880000000005,5857180798.2521105,8.3609999999999994e-05
2024-07-29T00:00:00Z,68249.880000000005,70079.990000000005,66428,66784.690000000002,5665370847.5855684,3.396e-05
2024-07-30T00:00:00Z,66784.679999999993,67000,65302.669999999998,66188,5490838073.2362003,3.0630000000000003e-05
2024-07-31T00:00:00Z,66188,66849.240000000005,64530,64628,5334196725.1272001,8.208e-05
2024-08-01T00:00:00Z,64628.010000000002,65659.779999999999,62302,65354.019999999997,5696160845.9027996,0.0001
2024-08-02T00:00:00Z,65354.019999999997,65596.139999999999,61230.010000000002,61498.330000000002,5398052867.7618999,0.0001
2024-08-03T00:00:00Z,61498.339999999997,62198.220000000001,59850,60697.989999999998,5175372388.0595999,0.0001
2024-08-04T00:00:00Z,60697.989999999998,61117.629999999997,57122.769999999997,58161,5121964528.6924515,0.0001
2024-08-05T00:00:00Z,58161,58305.589999999997,49000,54018.809999999998,4060141944.6017113,3.5660000000000001e-05
2024-08-06T00:00:00Z,54018.82,57040.989999999998,53950,56022.010000000002,4304090775.5461369,-7.3000000000000004e-06
2024-08-07T00:00:00Z,56022,57736.050000000003,54558.620000000003,55134.160000000003,4241668827.3786001,2.637e-05
2024-08-08T00:00:00Z,55133.760000000002,62745.139999999999,54730,61685.989999999998,4622448174.965024,4.994e-05
2024-08-09T00:00:00Z,61686,61744.370000000003,59535,60837.989999999998,4373161339.3334999,-3.9419999999999999e-05
2024-08-10T00:00:00Z,60837.989999999998,61470.580000000002,60242,60923.510000000002,4327987229.9922838,4.049e-05
2024-08-11T00:00:00Z,60923.510000000002,61858,58286.730000000003,58712.589999999997,4113969379.0163999,1.113e-05
2024-08-12T00:00:00Z,58712.589999999997,60711.089999999997,57642.209999999999,59346.639999999999,4063106525.8923998,6.1400000000000002e-05
2024-08-13T00:00:00Z,59346.639999999999,61578.099999999999,58392.879999999997,60587.150000000001,4367734979.3691645,1.152e-05
2024-08-14T00:00:00Z,60587.160000000003,61800,58433.18,58683.389999999999,4577530595.6471004,-8.488e-05
2024-08-15T00:00:00Z,58683.389999999999,59849.379999999997,56078.540000000001,57541.059999999998,4817913569.9471321,-0.00011234999999999999
2024-08-16T00:00:00Z,57541.050000000003,59817.760000000002,57098.620000000003,58874.599999999999,4833953429.2849998,1.912e-05
2024-08-17T00:00:00Z,58874.589999999997,59700,58785.050000000003,59491.989999999998,4913197260.5447998,3.9660000000000003e-05
2024-08-18T00:00:00Z,59491.989999999998,60284.989999999998,58408.919999999998,58427.349999999999,4828576735.0426998,-3.6159999999999999e-05
2024-08-19T00:00:00Z,58427.349999999999,59617.629999999997,57787.300000000003,59438.5,4737091328.0878,-2.656e-05
2024-08-20T00:00:00Z,59438.5,61400,58548.230000000003,59013.800000000003,4879501534.8697004,-6.7559999999999997e-05
2024-08-21T00:00:00Z,59013.800000000003,61820.93,58783.470000000001,61156.029999999999,5232327588.4799995,-2.2289999999999998e-05
2024-08-22T00:00:00Z,61156.029999999999,61400,59724.870000000003,60375.839999999997,5049881925.7276001,-3.3290000000000001e-05
2024-08-23T00:00:00Z,60375.830000000002,64955,60342.139999999999,64037.239999999998,5548405118.9518003,-7.7200000000000006e-06
2024-08-24T00:00:00Z,64037.239999999998,64494.5,63531,64157.010000000002,5581875784.2577085,-4.8059999999999997e-05
2024-08-25T00:00:00Z,64157.019999999997,65000,63773.269999999997,64220,5646631310.3296309,2.4389999999999999e-05
2024-08-26T00:00:00Z,64219.989999999998,64481,62800,62834,5294951304.2239981,2.7949999999999998e-05
2024-08-27T00:00:00Z,62834,63212,58034.010000000002,59415,4837029219.3839998,-6.8029999999999997e-05
2024-08-28T00:00:00Z,59415,60234.980000000003,57860,59034.900000000001,4670038286.4507999,-9.7599999999999997e-06
2024-08-29T00:00:00Z,59034.900000000001,61166.989999999998,58713.089999999997,59359.010000000002,4831676069.533411,9.3600000000000002e-06
2024-08-30T00:00:00Z,59359,59944.07,57701.099999999999,59123.989999999998,4719149219.6120005,-1.749e-05
2024-08-31T00:00:00Z,59123.989999999998,59462.379999999997,58744,58973.989999999998,4774438953.5024004,4.1130000000000001e-05
2024-09-01T00:00:00Z,58974,59076.589999999997,57201,57301.860000000001,4705434422.0601244,-3.3859999999999998e-05
2024-09-02T00:00:00Z,57301.769999999997,59425.690000000002,57128,59132.129999999997,4876787474.7927999,6.245e-05
2024-09-03T00:00:00Z,59132.120000000003,59809.650000000001,57415,57487.730000000003,4779218287.8519707,2.209e-05
2024-09-04T00:00:00Z,57487.739999999998,58519,55606,57970.900000000001,4699767196.6047001,9.0160000000000004e-05
2024-09-05T00:00:00Z,57970.900000000001,58327.07,55643.650000000001,56180,4700444526.0660353,2.2799999999999999e-05
2024-09-06T00:00:00Z,56180,57008,52550,53962.970000000001,4610472180.1874895,-5.57e-06
2024-09-07T00:00:00Z,53962.970000000001,54850,53745.540000000001,54160.860000000001,4511757610.8263998,3.7450000000000002e-05
2024-09-08T00:00:00Z,54160.860000000001,55318,53629.010000000002,54869.949999999997,4645320795.94419,-7.5850000000000001e-05
2024-09-09T00:00:00Z,54869.949999999997,58088,54591.959999999999,57042,4993810645.7821484,-6.0279999999999999e-05
2024-09-10T00:00:00Z,57042.010000000002,58044.360000000001,56386.400000000001,57635.989999999998,4967822959.8795004,-8.9530000000000005e-05
2024-09-11T00:00:00Z,57635.989999999998,57981.709999999999,55545.190000000002,57338,4918333994.7615995,-1.9510000000000001e-05
2024-09-12T00:00:00Z,57338,58588,57324,58132.32,4967307569.2244997,-6.8999999999999996e-07
2024-09-13T00:00:00Z,58132.309999999998,60625,57632.620000000003,60498,5405239757.0108004,-8.6990000000000006e-05
2024-09-14T00:00:00Z,60497.989999999998,60610.449999999997,59400,59993.029999999999,5243539027.776,-4.9099999999999996e-06
2024-09-15T00:00:00Z,59993.019999999997,60395.800000000003,58691.050000000003,59132,5099730332.4365501,2.402e-05
2024-09-16T00:00:00Z,59132,59210.699999999997,57493.300000000003,58213.989999999998,4918303465.5502005,8.5290000000000005e-05
2024-09-17T00:00:00Z,58213.989999999998,61320,57610.010000000002,60313.989999999998,5148561208.1929998,1.344e-05
2024-09-18T00:00:00Z,60313.989999999998,61786.239999999998,59174.800000000003,61759.989999999998,5173324667.7562857,3.5120000000000003e-05
2024-09-19T00:00:00Z,61759.980000000003,63850,61555,62947.989999999998,5486167941.4737997,8.0649999999999995e-05
2024-09-20T00:00:00Z,62948,64133.32,62350,63201.050000000003,5471209696.4011984,4.638e-05
2024-09-21T00:00:00Z,63201.050000000003,63559.900000000001,62758,63348.959999999999,5482010245.0481997,6.2849999999999996e-05
2024-09-22T00:00:00Z,63348.970000000001,64000,62357.93,63578.760000000002,5448404162.1908998,6.546e-05
2024-09-23T00:00:00Z,63578.760000000002,64745.879999999997,62538.75,63339.989999999998,5633156798.2234983,2.3240000000000001e-05
2024-09-24T00:00:00Z,63339.989999999998,64688,62700,64262.699999999997,5855340342.4189997,1.223e-05
2024-09-25T00:00:00Z,64262.699999999997,64817.989999999998,62947.080000000002,63152.010000000002,5580020338.0343571,1.6500000000000001e-05
2024-09-26T00:00:00Z,63152.010000000002,65839,62670,65173.989999999998,5748604000.1685057,0.0001
2024-09-27T00:00:00Z,65173.989999999998,66498,64819.900000000001,65769.949999999997,5644577282.8815002,5.4549999999999998e-05
2024-09-28T00:00:00Z,65769.949999999997,66260,65422.230000000003,65858,5612738513.587925,7.25e-06
2024-09-29T00:00:00Z,65858,66076.119999999995,65432,65602.009999999995,5613692767.2837095,3.0769999999999998e-05
2024-09-30T00:00:00Z,65602.009999999995,65618.800000000003,62856.300000000003,63327.589999999997,5496020020.4685106,0.0001
2024-10-01T00:00:00Z,63327.599999999999,64130.629999999997,60164,60805.779999999999,5124995236.3574886,6.6320000000000002e-05
2024-10-02T00:00:00Z,60804.919999999998,62390.309999999998,60000,60649.279999999999,5001464290.2770004,4.3810000000000002e-05
2024-10-03T00:00:00Z,60649.269999999997,61477.190000000002,59828.110000000001,60752.709999999999,5128788847.7223997,7.0970000000000007e-05
2024-10-04T00:00:00Z,60752.720000000001,62484.849999999999,60459.900000000001,62086,5257213170.7837143,-1.596e-05
2024-10-05T00:00:00Z,62086,62370.559999999998,61689.260000000002,62058,5227737408.5663147,5.7200000000000003e-06
2024-10-06T00:00:00Z,62058.010000000002,62975,61798.970000000001,62819.910000000003,5411756875.4496937,4.5729999999999998e-05
2024-10-07T00:00:00Z,62819.910000000003,64478.190000000002,62128,62224,5177926075.8714952,-1.6779999999999999e-05
2024-10-08T00:00:00Z,62224.010000000002,63200,61860.309999999998,62160.489999999998,5338646120.1794491,0.0001
2024-10-09T00:00:00Z,62160.5,62543.75,60301,60636.019999999997,5266788489.5145931,2.09e-05
2024-10-10T00:00:00Z,60636.010000000002,61321.68,58946,60326.389999999999,5175860569.0411692,2.2310000000000002e-05
2024-10-11T00:00:00Z,60326.400000000001,63417.559999999998,60087.639999999999,62540,5471648241.4029999,4.5580000000000001e-05
2024-10-12T00:00:00Z,62539.989999999998,63480,62487.230000000003,63206.220000000001,5645066750.5249996,6.9299999999999997e-06
2024-10-13T00:00:00Z,63206.230000000003,63285.720000000001,62050,62870.019999999997,5390145537.1402321,5.4289999999999997e-05
2024-10-14T00:00:00Z,62870.019999999997,66500,62457.809999999998,66083.990000000005,5710977053.3135996,0.0001
2024-10-15T00:00:00Z,66084,67950,64800.010000000002,67074.139999999999,5550265847.0868235,8.3250000000000004e-05
2024-10-16T00:00:00Z,67074.139999999999,68424,66750.490000000005,67620.009999999995,5844251791.1712084,0.0001
2024-10-17T00:00:00Z,67620,67939.399999999994,66666,67421.779999999999,5506125468.9029369,0.0001
2024-10-18T00:00:00Z,67421.779999999999,69000,67192.360000000001,68428,5909080240.8000002,0.0001
2024-10-19T00:00:00Z,68427.990000000005,68693.259999999995,68010,68378,5929622782.9104004,0.0001
2024-10-20T00:00:00Z,68377.990000000005,69400,68100,69031.990000000005,5977973177.1085796,0.0001
2024-10-21T00:00:00Z,69032,69519.520000000004,66840.669999999998,67377.5,5858123793.0354996,0.0001
2024-10-22T00:00:00Z,67377.5,67836.009999999995,66571.419999999998,67426,5860260909.8506002,0.0001
2024-10-23T00:00:00Z,67426.009999999995,67472.830000000002,65260,66668.649999999994,5615177033.0359364,0.0001
2024-10-24T00:00:00Z,66668.649999999994,68850,66510,68198.279999999999,5827038700.0652704,0.0001
2024-10-25T00:00:00Z,68198.270000000004,68771.490000000005,65596.289999999994,66698.330000000002,5340978489.9242563,4.7549999999999997e-05
2024-10-26T00:00:00Z,66698.320000000007,67454.550000000003,66439.899999999994,67092.759999999995,5430727232.4060001,0.0001
2024-10-27T00:00:00Z,67092.759999999995,68332.050000000003,66913.729999999996,68021.699999999997,5589801554.2228003,9.4250000000000001e-05
2024-10-28T00:00:00Z,68021.690000000002,70270,67618,69962.210000000006,6232705687.7799997,0.0001
2024-10-29T00:00:00Z,69962.210000000006,73620.119999999995,69760,72736.419999999998,6564165236.4513636,0.0001
2024-10-30T00:00:00Z,72736.410000000003,72961,71436,72344.740000000005,6462035630.341568,0.0001
2024-10-31T00:00:00Z,72344.75,72700,69685.759999999995,70292.009999999995,6296634723.9940109,0.0001
2024-11-01T00:00:00Z,70292.009999999995,71632.949999999997,68820.139999999999,69496.009999999995,5843770944.3236952,0.0001
2024-11-02T00:00:00Z,69496,69914.369999999995,69000.139999999999,69374.740000000005,5955468557.1815004,0.0001
2024-11-03T00:00:00Z,69374.740000000005,69391,67478.729999999996,68775.990000000005,5706272771.7875004,0.0001
2024-11-04T00:00:00Z,68775.990000000005,69500,66835,67850.009999999995,5707641246.970562,0.0001
2024-11-05T00:00:00Z,67850.009999999995,70577.910000000003,67476.630000000005,69372.009999999995,5750301290.4960003,0.0001
2024-11-06T00:00:00Z,69372.009999999995,76400,69298,75571.990000000005,6759597498.9293756,0.0001
2024-11-07T00:00:00Z,75571.990000000005,76849.990000000005,74416,75857.889999999999,6721881903.1404095,0.0001
2024-11-08T00:00:00Z,75857.889999999999,77199.990000000005,75555,76509.779999999999,6881831540.6926384,0.0001
2024-11-09T00:00:00Z,76509.779999999999,76900,75714.660000000003,76677.460000000006,6706787770.8996563,0.0001
2024-11-10T00:00:00Z,76677.460000000006,81500,76492,80370.009999999995,6910413297.1367998,0.00036877999999999998
2024-11-11T00:00:00Z,80370.009999999995,89530.539999999994,80216.009999999995,88647.990000000005,7537649221.4399996,0.00049133
2024-11-12T00:00:00Z,88648,89940,85072,87952.009999999995,7416746073.3156376,0.0001
2024-11-13T00:00:00Z,87952,93265.639999999999,86127.990000000005,90375.199999999997,7507044851.1501923,0.0001
2024-11-14T00:00:00Z,90375.210000000006,91790,86668.210000000006,87325.589999999997,7510788819.3275127,0.0001
2024-11-15T00:00:00Z,87325.589999999997,91850,87073.380000000005,91032.070000000007,7726407224.6141996,0.0001
2024-11-16T00:00:00Z,91032.080000000002,91779.660000000003,90056.169999999998,90586.919999999998,7674838071.9919996,0.00015765000000000001
2024-11-17T00:00:00Z,90587.979999999996,91449.990000000005,88722,89855.990000000005,7555943419.232872,0.0001
2024-11-18T00:00:00Z,89855.979999999996,92594,89376.899999999994,90464.080000000002,7690097664.7294941,0.00021605999999999999
2024-11-19T00:00:00Z,90464.070000000007,93905.509999999995,90357,92310.789999999994,7881534551.3888597,0.0001
2024-11-20T00:00:00Z,92310.800000000003,94831.970000000001,91500,94286.559999999998,8443854909.7012749,0.0001
2024-11-21T00:00:00Z,94286.559999999998,98988,94040,98317.119999999995,8784775885.8065319,0.0001
2024-11-22T00:00:00Z,98317.119999999995,99588.009999999995,97122.110000000001,98892,8969070556.6285534,0.0001
2024-11-23T00:00:00Z,98892,98908.850000000006,97136,97672.399999999994,8822926103.3209991,0.0001
2024-11-24T00:00:00Z,97672.399999999994,98564,95734.770000000004,97900.039999999994,8572251220.7309999,0.00021034999999999999
2024-11-25T00:00:00Z,97900.050000000003,98871.800000000003,92600.190000000002,93010.009999999995,8411022425.5928001,0.00021902
2024-11-26T00:00:00Z,93010.009999999995,94973.369999999995,90791.100000000006,91965.160000000003,8059009608.9656,0.00031205000000000002
2024-11-27T00:00:00Z,91965.160000000003,97208.210000000006,91792.139999999999,95863.110000000001,8261683736.5163727,0.0001
2024-11-28T00:00:00Z,95863.110000000001,96564,94640,95643.979999999996,8228507339.8087597,0.00020619
2024-11-29T00:00:00Z,95643.990000000005,98619.990000000005,95364.990000000005,97460,8583556939.7858,0.0001
2024-11-30T00:00:00Z,97460,97463.949999999997,96092.009999999995,96407.990000000005,8381261873.961895,0.00015901000000000001
2024-12-01T00:00:00Z,96407.990000000005,97836,95693.880000000005,97185.179999999993,8424426483.2294998,0.00025725999999999999
2024-12-02T00:00:00Z,97185.169999999998,98130,94395,95840.619999999995,8281306750.0950785,0.00012778999999999999
2024-12-03T00:00:00Z,95840.610000000001,96305.520000000004,93578.169999999998,95849.690000000002,8390361129.2072001,0.00026634
2024-12-04T00:00:00Z,95849.690000000002,99000,94587.830000000002,98587.320000000007,9142841816.0681667,0.00027625000000000002
2024-12-05T00:00:00Z,98587.320000000007,104088,90500,96945.630000000005,8943700297.5200005,0.0001
2024-12-06T00:00:00Z,96945.630000000005,101898.99000000001,95981.720000000001,99740.839999999997,8925453445.7024994,0.00031972000000000001
2024-12-07T00:00:00Z,99740.839999999997,100439.17999999999,98844,99831.990000000005,8851573042.0802994,0.00016985000000000001
2024-12-08T00:00:00Z,99831.990000000005,101351,98657.699999999997,101109.59,9044218357.7910099,0.00030413
2024-12-09T00:00:00Z,101109.60000000001,101215.92999999999,94150.050000000003,97276.470000000001,8754707947.7441998,0.0001
2024-12-10T00:00:00Z,97276.479999999996,98270,94256.539999999994,96593,8476186428.3576002,0.0001
2024-12-11T00:00:00Z,96593,101888,95658.240000000005,101125,9396205048.3598995,0.0001
2024-12-12T00:00:00Z,101125,102540,99311.639999999999,100004.28999999999,9165286457.1070004,0.0001
2024-12-13T00:00:00Z,100004.28999999999,101895.25999999999,99205,101424.25,9326668337.8806,6.7500000000000001e-05
2024-12-14T00:00:00Z,101424.24000000001,102650,100609.41,101420,9389878148.214447,0.0001
2024-12-15T00:00:00Z,101420,105250,101237.14,104463.99000000001,10328388080.541,0.0001
2024-12-16T00:00:00Z,104463.99000000001,107793.07000000001,103333,106058.66,9874636853.9606991,7.8659999999999996e-05
2024-12-17T00:00:00Z,106058.64999999999,108353,105321.49000000001,106133.74000000001,9799945879.4590206,0.0001
2024-12-18T00:00:00Z,106133.74000000001,106524.98,100000,100204.00999999999,9266967840.9671993,0.0001
2024-12-19T00:00:00Z,100204.00999999999,102800.11,95700,97461.860000000001,8921908020.7152004,0.0001
2024-12-20T00:00:00Z,97461.860000000001,98233,92232.539999999994,97805.440000000002,8711492390.7999992,0.0001
2024-12-21T00:00:00Z,97805.440000000002,99540.610000000001,96398.389999999999,97291.990000000005,8541442962.2855997,0.0001
2024-12-22T00:00:00Z,97292,97448.080000000002,94250.350000000006,95186.270000000004,8265452522.7805576,0.0001
2024-12-23T00:00:00Z,95186.279999999999,96538.919999999998,92520,94881.470000000001,8562396718.6114998,0.0001
2024-12-24T00:00:00Z,94881.470000000001,99487.990000000005,93569.020000000004,98663.580000000002,9049216838.4906235,0.0001
2024-12-25T00:00:00Z,98663.580000000002,99569.149999999994,97632.020000000004,99429.600000000006,9130831485.3087997,9.8270000000000006e-05
2024-12-26T00:00:00Z,99429.610000000001,99963.699999999997,95199.139999999999,95791.600000000006,8553294203.1401176,0.0001
2024-12-27T00:00:00Z,95791.600000000006,97544.580000000002,93500.009999999995,94299.029999999999,8451384092.6641188,0.0001
2024-12-28T00:00:00Z,94299.029999999999,95733.990000000005,94135.660000000003,95300,8639984798.8157768,8.0129999999999993e-05
2024-12-29T00:00:00Z,95300,95340,93009.520000000004,93738.199999999997,8426823204.0825005,-4.2e-07
2024-12-30T00:00:00Z,93738.190000000002,95024.5,91530.449999999997,92792.050000000003,8432059554.2711258,0.0001
2024-12-31T00:00:00Z,92792.050000000003,96250,92033.729999999996,93576,8535222950.9788675,0.0001
2025-01-01T00:00:00Z,93576,95151.149999999994,92888,94591.789999999994,8728907256.4230003,0.0001
2025-01-02T00:00:00Z,94591.779999999999,97839.5,94392,96984.789999999994,8914539921.9356003,0.0001
2025-01-03T00:00:00Z,96984.789999999994,98976.910000000003,96100.009999999995,98174.179999999993,8888670756.1756001,7.6990000000000007e-05
2025-01-04T00:00:00Z,98174.169999999998,98778.429999999993,97514.789999999994,98220.5,8585982933.5195999,0.0001
2025-01-05T00:00:00Z,98220.509999999995,98836.850000000006,97276.789999999994,98363.610000000001,8860102064.8733006,0.0001
2025-01-06T00:00:00Z,98363.610000000001,102480,97920,102235.60000000001,9595851507.5826225,0.0001
2025-01-07T00:00:00Z,102235.60000000001,102724.38,96181.809999999998,96954.610000000001,8929389643.6315994,0.0001
2025-01-08T00:00:00Z,96954.600000000006,97268.649999999994,92500.899999999994,95060.610000000001,8620556565.4746838,0.0001
2025-01-09T00:00:00Z,95060.610000000001,95382.320000000007,91203.669999999998,92552.490000000005,8084656141.7230358,3.9660000000000003e-05
2025-01-10T00:00:00Z,92552.490000000005,95836,92206.020000000004,94726.110000000001,8376434085.2562037,5.6799999999999998e-05
2025-01-11T00:00:00Z,94726.100000000006,95050.940000000002,93831.729999999996,94599.990000000005,8289940206.2636318,5.0090000000000003e-05
2025-01-12T00:00:00Z,94599.990000000005,95450.100000000006,93711.190000000002,94545.059999999998,8273399339.0707998,5.2660000000000001e-05
2025-01-13T00:00:00Z,94545.070000000007,95940,89256.690000000002,94536.100000000006,7922459113.026577,0.0001
2025-01-14T00:00:00Z,94536.110000000001,97371,94346.220000000001,96560.860000000001,8154742291.5200005,4.9889999999999998e-05
2025-01-15T00:00:00Z,96560.850000000006,100681.94,96500,100497.35000000001,8703217789.2121849,7.2799999999999998e-06
2025-01-16T00:00:00Z,100497.35000000001,100866.66,97335.130000000005,99987.300000000003,8617451446.4391327,4.5970000000000002e-05
2025-01-17T00:00:00Z,99987.300000000003,105865.22,99950.770000000004,104077.48,9421758885.2091999,6.7070000000000007e-05
2025-01-18T00:00:00Z,104077.47,104988.88,102277.55,104556.23,9179704071.2098122,0.0001
2025-01-19T00:00:00Z,104556.23,106422.42999999999,99651.600000000006,101331.57000000001,8524684451.3449001,0.0001
2025-01-20T00:00:00Z,101331.57000000001,109588,99550,102260.00999999999,8595910363.756588,0.0001
2025-01-21T00:00:00Z,102260,107240.81,100119.03999999999,106143.82000000001,9189143450.3339996,0.0001
2025-01-22T00:00:00Z,106143.82000000001,106394.46000000001,103339.12,103706.66,8690601138.6506004,8.6539999999999995e-05
2025-01-23T00:00:00Z,103706.66,106850,101262.28,103910.34,8356559123.0691118,3.3400000000000002e-06
2025-01-24T00:00:00Z,103910.35000000001,107120,102750,104870.5,8630476876.3127136,5.702e-05
2025-01-25T00:00:00Z,104870.50999999999,105286.52,104106.09,104746.85000000001,8538856763.2638998,8.3629999999999997e-05
2025-01-26T00:00:00Z,104746.86,105500,102520.44,102620,8376307867.8853874,9.0840000000000004e-05
2025-01-27T00:00:00Z,102620.00999999999,103260,97777.770000000004,102082.83,8571709327.3793697,0.0001
2025-01-28T00:00:00Z,102082.83,103800,100272.67999999999,101335.52,8137351151.2004032,0.0001
2025-01-29T00:00:00Z,101335.52,104782.67999999999,101328.00999999999,103733.24000000001,8441234032.3188,7.5900000000000002e-05
2025-01-30T00:00:00Z,103733.25,106457.44,103278.53999999999,104722.94,8685246540.6669998,1.225e-05
2025-01-31T00:00:00Z,104722.94,106012,101560,102429.56,8536923446.9916,8.0980000000000001e-05
2025-02-01T00:00:00Z,102429.56,102783.71000000001,100279.50999999999,100635.64999999999,8475160946.0248003,5.8239999999999998e-05
2025-02-02T00:00:00Z,100635.66,101456.60000000001,96150,97700.589999999997,8161813828.4266768,0.0001
2025-02-03T00:00:00Z,97700.589999999997,102500.00999999999,91231,101328.52,7933531249.0220003,2.6120000000000001e-05
2025-02-04T00:00:00Z,101328.50999999999,101732.31,96150,97763.130000000005,7315546661.8534002,-4.6099999999999999e-06
2025-02-05T00:00:00Z,97763.139999999999,99149,96155,96612.429999999993,7382730437.0424004,2.1860000000000001e-05
2025-02-06T00:00:00Z,96612.440000000002,99120,95676.639999999999,96554.350000000006,7258381717.0150003,7.983e-05
2025-02-07T00:00:00Z,96554.350000000006,100137.99000000001,95620.339999999997,96506.800000000003,7330034253.6800776,-4.1e-05
2025-02-08T00:00:00Z,96506.800000000003,96880,95688,96444.740000000005,7352591602.3676996,3.8729999999999997e-05
2025-02-09T00:00:00Z,96444.75,97323.089999999997,94713,96462.75,7182179801.7096863,1.802e-05
2025-02-10T00:00:00Z,96462.75,98345,95256,97430.820000000007,7400334069.9803057,4.2179999999999999e-05
2025-02-11T00:00:00Z,97430.820000000007,98478.419999999998,94876.880000000005,95778.199999999997,7577695935.0455999,1.2979999999999999e-05
2025-02-12T00:00:00Z,95778.210000000006,98119.990000000005,94088.229999999996,97869.990000000005,7667447857.0143547,0.0001
2025-02-13T00:00:00Z,97870,98083.910000000003,95217.360000000001,96608.139999999999,7577098669.1405001,4.1e-05
2025-02-14T00:00:00Z,96608.130000000005,98826,96252.820000000007,97500.479999999996,7501172900.3742466,5.5000000000000003e-07
2025-02-15T00:00:00Z,97500.470000000001,97972.259999999995,97223.580000000002,97569.660000000003,7498278537.8901997,3.3899999999999997e-05
2025-02-16T00:00:00Z,97569.669999999998,97704.470000000001,96046.179999999993,96118.119999999995,7311338253.0152626,6.2390000000000004e-05
2025-02-17T00:00:00Z,96118.119999999995,97046.589999999997,95205,95780,7370338401.2591,9.488e-05
2025-02-18T00:00:00Z,95780.009999999995,96753.910000000003,93388.089999999997,95671.740000000005,7838865299.835248,7.0069999999999998e-05
2025-02-19T00:00:00Z,95671.740000000005,96899.990000000005,95029.990000000005,96644.369999999995,7507186635.6473961,2.4199999999999999e-05
2025-02-20T00:00:00Z,96644.369999999995,98711.360000000001,96415.089999999997,98305,8097965699.3690004,1.2300000000000001e-06
2025-02-21T00:00:00Z,98305.009999999995,99475,94871.949999999997,96181.979999999996,7814067839.8336573,0.0001
2025-02-22T00:00:00Z,96181.990000000005,96980,95770.490000000005,96551.009999999995,7687654186.2564402,4.1119999999999999e-05
2025-02-23T00:00:00Z,96551.009999999995,96650,95227.940000000002,96258,7737826807.1035995,-2.97e-05
2025-02-24T00:00:00Z,96258,96500,91349.259999999995,91552.880000000005,8269421806.6290007,0.0001
2025-02-25T00:00:00Z,91552.880000000005,92540.690000000002,86050.990000000005,88680.399999999994,7547912937.6991997,3.5209999999999997e-05
2025-02-26T00:00:00Z,88680.389999999999,89414.149999999994,82256.009999999995,84250.089999999997,6931361212.5537786,9.3049999999999998e-05
2025-02-27T00:00:00Z,84250.089999999997,87078.460000000006,82716.490000000005,84708.580000000002,6986018208.3079109,9.4439999999999997e-05
2025-02-28T00:00:00Z,84708.570000000007,85120,78258.520000000004,84349.940000000002,6655319009.7242737,-1.4000000000000001e-07
2025-03-01T00:00:00Z,84349.949999999997,86558,83824.779999999999,86064.529999999999,6750510789.6337748,-1.094e-05
2025-03-02T00:00:00Z,86064.539999999994,95000,85050.600000000006,94270,7448688745.0628433,-5.5179999999999997e-05
2025-03-03T00:00:00Z,94269.990000000005,94416.460000000006,85117.110000000001,86220.610000000001,6133576258.8050003,-1.526e-05
2025-03-04T00:00:00Z,86221.160000000003,88967.520000000004,81500,87281.979999999996,5908133788.8299999,4.1130000000000001e-05
2025-03-05T00:00:00Z,87281.979999999996,91000,86334.529999999999,90606.009999999995,6323060438.1428795,3.5379999999999997e-05
2025-03-06T00:00:00Z,90606,92810.639999999999,87836,89931.889999999999,6179420539.6545,-6.1199999999999999e-06
2025-03-07T00:00:00Z,89931.880000000005,91283.020000000004,84667.029999999999,86801.75,5995706243.1196003,5.3279999999999998e-05
2025-03-08T00:00:00Z,86801.740000000005,86897.25,85218.470000000001,86222.449999999997,5897195026.1848001,-2.779e-05
2025-03-09T00:00:00Z,86222.460000000006,86500,80000,80734.369999999995,5660257512.3792,3.9520000000000001e-05
2025-03-10T00:00:00Z,80734.479999999996,84123.460000000006,77459.910000000003,78595.860000000001,5476435707.04,4.7049999999999998e-05
2025-03-11T00:00:00Z,78595.860000000001,83617.399999999994,76606,82932.990000000005,5800115905.0559998,5.7599999999999999e-06
2025-03-12T00:00:00Z,82932.990000000005,84539.850000000006,80607.649999999994,83680.119999999995,5768070397.7796001,4.3000000000000003e-06
2025-03-13T00:00:00Z,83680.119999999995,84336.330000000002,79939.899999999994,81115.779999999999,5840593119.3830004,5.3860000000000003e-05
2025-03-14T00:00:00Z,81115.779999999999,85309.710000000006,80818.839999999997,83983.199999999997,6125212101.2474003,-6.0350000000000003e-05
2025-03-15T00:00:00Z,83983.190000000002,84676.279999999999,83618,84338.440000000002,5953659448.6619997,4.3200000000000001e-06
2025-03-16T00:00:00Z,84338.440000000002,85117.039999999994,81981.119999999995,82574.529999999999,5656155381.0895996,1.065e-05
2025-03-17T00:00:00Z,82574.520000000004,84756.830000000002,82456,84010.029999999999,5970358010.0536804,7.0299999999999996e-06
2025-03-18T00:00:00Z,84010.020000000004,84021.740000000005,81134.660000000003,82715.029999999999,5824387489.2661848,1.9999999999999999e-06
2025-03-19T00:00:00Z,82715.029999999999,87000,82547.160000000003,86845.940000000002,6616512743.8979998,1.944e-05
2025-03-20T00:00:00Z,86845.929999999993,87453.669999999998,83655.229999999996,84223.389999999999,5954460589.0895996,1.615e-05
2025-03-21T00:00:00Z,84223.380000000005,84850.330000000002,83175.25,84088.789999999994,5945420179.6362,2.836e-05
2025-03-22T00:00:00Z,84088.789999999994,84539.169999999998,83625.100000000006,83840.589999999997,5877167995.1281004,2.0990000000000001e-05
2025-03-23T00:00:00Z,83840.589999999997,86129.639999999999,83809.75,86082.5,6273557041.4819794,2.039e-05
2025-03-24T00:00:00Z,86082.5,88765.429999999993,85519.089999999997,87498.160000000003,6754051856.5049,-2.4700000000000001e-06
2025-03-25T00:00:00Z,87498.160000000003,88539.630000000005,86310,87392.869999999995,6554936456.8506002,-2.9899999999999998e-05
2025-03-26T00:00:00Z,87392.880000000005,88275,85860,86909.169999999998,6120901144.0279999,3.1359999999999998e-05
2025-03-27T00:00:00Z,86909.169999999998,87756.389999999999,85800,87232.009999999995,6167227216.9122,1.5840000000000001e-05
2025-03-28T00:00:00Z,87232.009999999995,87515.669999999998,83585,84424.380000000005,6231989043.3472004,5.3640000000000001e-05
2025-03-29T00:00:00Z,84424.380000000005,84624.729999999996,81644.809999999998,82648.539999999994,5868724516.9661703,3.41e-06
2025-03-30T00:00:00Z,82648.529999999999,83534.639999999999,81565,82389.990000000005,5758504116.1911001,2.6429999999999999e-05
2025-03-31T00:00:00Z,82390,83943.080000000002,81278.520000000004,82550.009999999995,5680669442.5269537,3.9610000000000002e-05
2025-04-01T00:00:00Z,82550,85579.460000000006,82432.740000000005,85158.339999999997,6089430616.283,-2.1120000000000001e-05
2025-04-02T00:00:00Z,85158.350000000006,88500,82320,82516.289999999994,5761844666.3699999,5.8619999999999998e-05
2025-04-03T00:00:00Z,82516.279999999999,83998.020000000004,81211.240000000005,83213.089999999997,5952568587.9837999,4.2830000000000002e-05
2025-04-04T00:00:00Z,83213.089999999997,84720,81659,83889.869999999995,6107632722.4961996,8.5589999999999999e-05
2025-04-05T00:00:00Z,83889.869999999995,84266,82379.949999999997,83537.990000000005,5911088381.406332,2.21e-06
2025-04-06T00:00:00Z,83537.990000000005,83817.630000000005,77153.830000000002,78430,5732993289.6441135,4.9459999999999997e-05
2025-04-07T00:00:00Z,78430,81243.580000000002,74508,79163.240000000005,5609257740.1366997,4.074e-05
2025-04-08T00:00:00Z,79163.240000000005,80867.990000000005,76239.899999999994,76322.419999999998,5595779247.8000002,9.5680000000000005e-05
2025-04-09T00:00:00Z,76322.419999999998,83588,74620,82615.220000000001,6163733187.96,7.7050000000000003e-05
2025-04-10T00:00:00Z,82615.220000000001,82753.210000000006,78464.360000000001,79607.300000000003,5852870989.3385744,2.065e-05
2025-04-11T00:00:00Z,79607.300000000003,84300,78969.580000000002,83423.839999999997,6519666718.9876003,3.6539999999999999e-05
2025-04-12T00:00:00Z,83423.830000000002,85905,82792.949999999997,85276.899999999994,6899135306.0606956,5.0569999999999999e-05
2025-04-13T00:00:00Z,85276.910000000003,86100,83034.229999999996,83760,6489982238.0005322,8.1130000000000004e-05
2025-04-14T00:00:00Z,83760,85799.990000000005,83678,84591.580000000002,6410700008.3999996,-2.073e-05
2025-04-15T00:00:00Z,84591.580000000002,86496.419999999998,83600,83643.990000000005,6476253931.3823996,2.4280000000000001e-05
2025-04-16T00:00:00Z,83643.990000000005,85500,83111.639999999999,84030.380000000005,6414103866.3672609,1.4039999999999999e-05
2025-04-17T00:00:00Z,84030.380000000005,85470.009999999995,83736.259999999995,84947.910000000003,6624581025.2594261,1.7880000000000002e-05
2025-04-18T00:00:00Z,84947.919999999998,85132.080000000002,84303.960000000006,84474.690000000002,6453269179.8778925,2.9300000000000001e-05
2025-04-19T00:00:00Z,84474.699999999997,85677.990000000005,84364.449999999997,85077.009999999995,6734412506.1059999,-2.9799999999999998e-06
2025-04-20T00:00:00Z,85077,85320.759999999995,83949.520000000004,85179.240000000005,6591407601.4446878,5.2320000000000001e-05
2025-04-21T00:00:00Z,85179.240000000005,88465.990000000005,85144.759999999995,87516.229999999996,7182978876.1684399,7.7490000000000005e-05
2025-04-22T00:00:00Z,87516.220000000001,93888,87076.029999999999,93442.990000000005,7899160108.9588003,-1.3890000000000001e-05
2025-04-23T00:00:00Z,93442.990000000005,94696.050000000003,91935.410000000003,93691.080000000002,7645970802.5542831,-2.671e-05
2025-04-24T00:00:00Z,93691.070000000007,94005,91660.009999999995,93980.470000000001,7785115163.2827997,-1.7640000000000001e-05
2025-04-25T00:00:00Z,93980.470000000001,95758.039999999994,92855.960000000006,94638.679999999993,8137123571.9916,-0.00010085
2025-04-26T00:00:00Z,94638.679999999993,95199,93870.690000000002,94628,7935732198.4499998,-1.5e-05
2025-04-27T00:00:00Z,94628,95369,93602.580000000002,93749.300000000003,7886042860.2840004,3.7299999999999999e-06
2025-04-28T00:00:00Z,93749.289999999994,95630,92800.009999999995,95011.179999999993,7780860123.6940002,-7.7300000000000005e-06
2025-04-29T00:00:00Z,95011.179999999993,95461.529999999999,93742.539999999994,94256.820000000007,7723122154.9365511,-5.181e-05
2025-04-30T00:00:00Z,94256.820000000007,95228.449999999997,92910,94172,7538483829.5934057,3.519e-05
2025-05-01T00:00:00Z,94172,97424.020000000004,94130.429999999993,96489.910000000003,8295776517.3228941,-0.00012232000000000001
2025-05-02T00:00:00Z,96489.899999999994,97895.679999999993,96350,96887.139999999999,8350239727.6407604,-5.9530000000000001e-05
2025-05-03T00:00:00Z,96887.130000000005,96935.669999999998,95753.009999999995,95856.419999999998,8022046642.8267565,3.7000000000000002e-06
2025-05-04T00:00:00Z,95856.419999999998,96304.479999999996,94151.380000000005,94277.619999999995,7707149039.9841843,-2.404e-05
2025-05-05T00:00:00Z,94277.610000000001,95199,93514.100000000006,94733.679999999993,7612623384.6695995,1.978e-05
2025-05-06T00:00:00Z,94733.679999999993,96920.649999999994,93377,96834.020000000004,7988675977.6535997,1.218e-05
2025-05-07T00:00:00Z,96834.020000000004,97732,95784.610000000001,97030.5,7899223105.8744497,2.3180000000000002e-05
2025-05-08T00:00:00Z,97030.5,104145.75999999999,96876.289999999994,103261.60000000001,8209223649.2639923,0.0001
2025-05-09T00:00:00Z,103261.61,104361.3,102315.14,102971.99000000001,8077468131.9644003,9.6570000000000005e-05
2025-05-10T00:00:00Z,102971.99000000001,104984.57000000001,102818.75999999999,104809.53,8377955788.5019999,0.0001
2025-05-11T00:00:00Z,104809.53,104972,103345.06,104118,8464401080.6286001,4.4539999999999997e-05
2025-05-12T00:00:00Z,104118,105819.45,100718.37,102791.32000000001,8385635997.978941,6.847e-05
2025-05-13T00:00:00Z,102791.32000000001,104976.25,101429.7,104103.72,8562944751.7685461,9.9209999999999994e-05
2025-05-14T00:00:00Z,104103.72,104356.95,102602.05,103507.82000000001,8300214777.0965996,2.9779999999999999e-05
2025-05-15T00:00:00Z,103507.83,104192.7,101383.07000000001,103763.71000000001,8249316381.3570004,4.5040000000000002e-05
2025-05-16T00:00:00Z,103763.71000000001,104550.33,103100.49000000001,103463.89999999999,8301053492.6119232,2.8209999999999999e-05
2025-05-17T00:00:00Z,103463.89999999999,103709.86,102612.5,103126.64999999999,8099126645.3747997,6.7420000000000002e-05
2025-05-18T00:00:00Z,103126.64999999999,106660,103105.09,106454.25999999999,8617426094.3560677,5.9899999999999999e-05
2025-05-19T00:00:00Z,106454.27,107108.62,102000,105573.74000000001,8690457550.9972534,8.3780000000000001e-05
2025-05-20T00:00:00Z,105573.73,107320,104184.72,106849.99000000001,8952423745.1352005,8.7670000000000006e-05
2025-05-21T00:00:00Z,106850,110797.38,106100.00999999999,109643.99000000001,9534103033.4899559,0.0001
2025-05-22T00:00:00Z,109643.99000000001,111980,109177.37,111696.21000000001,9829760874.4953403,9.3209999999999997e-05
2025-05-23T00:00:00Z,111696.22,111800,106800,107318.3,9014803055.7022419,3.5240000000000001e-05
2025-05-24T00:00:00Z,107318.3,109506.03,106875.41,107761.91,9291841820.1823006,9.7940000000000001e-05
2025-05-25T00:00:00Z,107761.89999999999,109299.99000000001,106600.64,109004.19,9583671511.2061005,7.3310000000000001e-05
2025-05-26T00:00:00Z,109004.2,110422.22,108670.58,109434.78999999999,9866399705.1516666,7.6500000000000003e-05
2025-05-27T00:00:00Z,109434.78,110718,107516.57000000001,108938.17,9452815373.5105991,3.26e-05
2025-05-28T00:00:00Z,108938.17,109284.7,106769.42999999999,107781.78,9395886387.7339993,3.1860000000000003e-05
2025-05-29T00:00:00Z,107781.78,108891.91,105322.86,105589.75,9037786502.7000008,2.622e-05
2025-05-30T00:00:00Z,105589.75,106313.12,103621,103985.48,8567138418.3000002,8.5060000000000002e-05
2025-05-31T00:00:00Z,103985.47,104900,103068.55,104591.88,8734879988.3162994,-5.8200000000000002e-06
2025-06-01T00:00:00Z,104591.88,105866.91,103752.49000000001,105642.92999999999,8743286238.0310879,-6.4200000000000004e-06
2025-06-02T00:00:00Z,105642.92999999999,105935.63,103659.88,105857.99000000001,8676341651.6072998,5.0049999999999997e-05
2025-06-03T00:00:00Z,105858,106794.67,104872.5,105376.89,8688314348.2229004,-1.1000000000000001e-07
2025-06-04T00:00:00Z,105376.89999999999,106000,104179,104696.86,8454447353.1824293,7.4000000000000001e-07
2025-06-05T00:00:00Z,104696.86,105909.71000000001,100372.25999999999,101508.67999999999,8344727370.5523005,-3.4910000000000003e-05
2025-06-06T00:00:00Z,101508.69,105333,101095.8,104288.44,8819446623.0242996,-2.8900000000000001e-05
2025-06-07T00:00:00Z,104288.42999999999,105900,103871.09,105552.14999999999,8779100499.1706486,4.808e-05
2025-06-08T00:00:00Z,105552.14999999999,106488.14,104964.14,105734,8719744539.0152493,-2.1639999999999999e-05
2025-06-09T00:00:00Z,105734.00999999999,110530.17,105318.37,110263.02,9524582634.3946991,6.3739999999999996e-05
2025-06-10T00:00:00Z,110263.02,110400,108331.03,110274.39,9314152651.3728008,8.7789999999999998e-05
2025-06-11T00:00:00Z,110274.39,110392.00999999999,108064,108645.12,8937139383.929245,1.8559999999999998e-05
2025-06-12T00:00:00Z,108645.13,108813.55,105671.72,105671.73,8392170589.0002556,-1.8009999999999999e-05
2025-06-13T00:00:00Z,105671.74000000001,106179.53,102664.31,106066.59,8323192639.8389721,1.9579999999999999e-05
2025-06-14T00:00:00Z,106066.59,106252,104300,105414.64,8240133274.4275999,-3.6409999999999999e-05
2025-06-15T00:00:00Z,105414.63,106128.57000000001,104494.53,105594.00999999999,8298510858.9098148,9.3600000000000002e-06
2025-06-16T00:00:00Z,105594.02,108952.38,104980.37,106794.53,8320835313.1862001,1.8470000000000001e-05
2025-06-17T00:00:00Z,106794.53,107771.34,103371.02,104551.17,8000346788.8559999,-1.7520000000000002e-05
2025-06-18T00:00:00Z,104551.17,105550.27,103500,104886.78,8018969053.0285149,8.4500000000000004e-06
2025-06-19T00:00:00Z,104886.78999999999,105226.17,103929.27,104658.59,8138177943.9365559,3.5649999999999999e-05
2025-06-20T00:00:00Z,104658.59,106524.64999999999,102345,103297.99000000001,8002115368.823,3.977e-05
2025-06-21T00:00:00Z,103297.98,103982.64,100837.89999999999,102120.00999999999,7702841567.7161999,2.883e-05
2025-06-22T00:00:00Z,102120.02,103399.62,98200,100963.87,7940490209.5366058,-1.061e-05
2025-06-23T00:00:00Z,100963.87,106074.2,99613.330000000002,105333.92999999999,7645337021.3553076,1.2449999999999999e-05
2025-06-24T00:00:00Z,105333.94,106290,104622.02,106083,8000224005.4650002,-3.1739999999999998e-05
2025-06-25T00:00:00Z,106083,108135.3,105808.03,107340.58,8220723524.2435017,1.4100000000000001e-06
2025-06-26T00:00:00Z,107340.59,108272.45,106562.5,106947.06,8307817984.6408596,1.113e-05
2025-06-27T00:00:00Z,106947.06,107735.34,106356.75999999999,107047.59,8060020303.6274996,-1.1610000000000001e-05
2025-06-28T00:00:00Z,107047.58,107577.75,106811.50999999999,107296.78999999999,8099251412.991868,1.2500000000000001e-05
2025-06-29T00:00:00Z,107296.78999999999,108528.5,107172.52,108356.92999999999,8439165474.6057014,1.084e-05
2025-06-30T00:00:00Z,108356.92999999999,108789.99000000001,106733.33,107146.5,8185783816.793519,1.0530000000000001e-05
2025-07-01T00:00:00Z,107146.50999999999,107540,105250.85000000001,105681.14,7856127665.9060001,1.8070000000000001e-05
2025-07-02T00:00:00Z,105681.13,109730,105100.19,108849.60000000001,8852104676.6669006,4.871e-05
2025-07-03T00:00:00Z,108849.59,110529.17999999999,108530.39999999999,109584.78,9085176874.2343006,5.2299999999999997e-05
2025-07-04T00:00:00Z,109584.77,109767.59,107245,107984.24000000001,8581704937.3285999,1.066e-05
2025-07-05T00:00:00Z,107984.25,108420.56,107756.31,108198.12,8575978753.0321999,1.9409999999999999e-05
2025-07-06T00:00:00Z,108198.12,109700,107800.00999999999,109203.84,8505234380.0061998,2.3600000000000001e-05
2025-07-07T00:00:00Z,109203.85000000001,109700,107513.2,108262.94,8465800427.5746145,1.0730000000000001e-05
2025-07-08T00:00:00Z,108262.94,109216.56,107429.57000000001,108922.98,8503043517.7296,3.0929999999999997e-05
2025-07-09T00:00:00Z,108922.99000000001,111999.78999999999,108324.53,111233.99000000001,9524971438.3705006,0.0001
2025-07-10T00:00:00Z,111234,116868,110500,116010,9870379617.4083004,0.0001
2025-07-11T00:00:00Z,116010.00999999999,118869.98,115222.22,117527.66,10316848232.475773,0.0001
2025-07-12T00:00:00Z,117527.66,118200,116900.05,117420,10333673957.777399,0.0001
2025-07-13T00:00:00Z,117420,119488,117224.78999999999,119086.64,10644568665.864389,8.051e-05
2025-07-14T00:00:00Z,119086.64999999999,123218,118905.17999999999,119841.17999999999,11151549767.16958,0.0001
2025-07-15T00:00:00Z,119841.17,119940.83,115736.92,117758.09,10563399201.921499,0.0001
2025-07-16T00:00:00Z,117758.08,120063.84,117017.28999999999,118630.42999999999,10619801515.020393,0.0001
2025-07-17T00:00:00Z,118630.44,120998.71000000001,117453.57000000001,119177.56,10679233620.0382,0.0001
2025-07-18T00:00:00Z,119177.56,120820.71000000001,116812.75999999999,117924.84,10534042570.465431,0.0001
2025-07-19T00:00:00Z,117924.84,118499.89999999999,117277.34,117840,10331444051.394501,0.0001
2025-07-20T00:00:00Z,117840.00999999999,118856.8,116467.02,117265.12,10465890557.82366,0.0001
2025-07-21T00:00:00Z,117265.11,119676.73,116515,117380.36,10595459874.304562,0.0001
2025-07-22T00:00:00Z,117380.36,120247.8,116128,119954.42,10809120331.388399,0.0001
2025-07-23T00:00:00Z,119954.42999999999,120090,117301,118755.99000000001,10348801639.673,0.0001
2025-07-24T00:00:00Z,118756,119450,117103.10000000001,118340.99000000001,10597615447.0268,0.0001
2025-07-25T00:00:00Z,118340.98,118451.57000000001,114723.16,117614.31,10760223516.221054,0.0001
2025-07-26T00:00:00Z,117614.31,118297.35000000001,117138.38,117919.99000000001,10526855842.4809,0.0001
2025-07-27T00:00:00Z,117919.99000000001,119766.64999999999,117825.5,119415.55,10794511818.945095,0.0001
2025-07-28T00:00:00Z,119415.56,119800,117427.5,118062.32000000001,10837393360.979504,0.0001
2025-07-29T00:00:00Z,118062.32000000001,119273.36,116950.75,117950.75999999999,10725260093.509659,0.0001
2025-07-30T00:00:00Z,117950.75,118792,115796.23,117840.3,10773947547.631638,5.694e-05
2025-07-31T00:00:00Z,117840.28999999999,118922.45,115500,115764.08,10441293601.323362,-1.4080000000000001e-05
2025-08-01T00:00:00Z,115764.07000000001,116052,112722.58,113297.92999999999,10079258004.5492,4.8099999999999997e-05
2025-08-02T00:00:00Z,113297.92,114063.49000000001,112003,112546.35000000001,9645489573.7730122,5.6329999999999998e-05
2025-08-03T00:00:00Z,112546.35000000001,114799.97,111920,114208.8,9726528336.2723999,4.1879999999999999e-05
2025-08-04T00:00:00Z,114208.81,115720,114107.60000000001,115055.03,9755572366.9815006,7.1009999999999999e-05
2025-08-05T00:00:00Z,115055.03,115127.81,112650,114129.75,9565232667.1623497,5.1719999999999999e-05
2025-08-06T00:00:00Z,114129.75,115716,113355.13,114992.27,9628139769.534996,4.8430000000000002e-05
2025-08-07T00:00:00Z,114992.27,117621,114259,117472.00999999999,9743962413.809,2.4029999999999999e-05
2025-08-08T00:00:00Z,117472.02,117630,115878.71000000001,116674.74000000001,9590192383.6602001,8.8350000000000006e-05
2025-08-09T00:00:00Z,116674.74000000001,117944.05,116299.13,116462.25,9780063988.802,9.8490000000000001e-05
2025-08-10T00:00:00Z,116462.25,119311.11,116460.63,119294.00999999999,10370019072.006001,0.0001
2025-08-11T00:00:00Z,119294.27,122335.16,118050.11,118686,10645255106.393749,0.0001
2025-08-12T00:00:00Z,118686,120324.42999999999,118207.47,120134.08,10683570905.943001,7.1229999999999994e-05
2025-08-13T00:00:00Z,120134.09,123667.78999999999,118920.92,123306.42999999999,11499383918.582001,0.0001
2025-08-14T00:00:00Z,123306.44,124474,117180,118295.09,10869764688.159822,1.9389999999999999e-05
2025-08-15T00:00:00Z,118295.09,119216.82000000001,116803.99000000001,117342.05,10440774775.66448,8.8499999999999996e-05
2025-08-16T00:00:00Z,117342.03999999999,117898.99000000001,117143.98,117380.66,10626621094.622614,8.2059999999999997e-05
2025-08-17T00:00:00Z,117380.66,118575,117172.21000000001,117405.00999999999,10510666575.94478,2.8459999999999999e-05
2025-08-18T00:00:00Z,117405.00999999999,117543.75,114640.14,116227.05,10164478164.391199,7.1370000000000003e-05
2025-08-19T00:00:00Z,116227.05,116725.69,112732.58,112872.94,9913496421.1783543,4.5429999999999997e-05
2025-08-20T00:00:00Z,112872.95,114615.38,112380,114271.24000000001,9822337739.8942204,1.1430000000000001e-05
2025-08-21T00:00:00Z,114271.23,114821.75999999999,112015.67,112500,10083056072.851999,7.2960000000000006e-05
2025-08-22T00:00:00Z,112500,117429.05,111684.78999999999,116935.99000000001,10354493657.072001,0.0001
2025-08-23T00:00:00Z,116936,117030,114560,115438.05,10585644015.270399,0.0001
2025-08-24T00:00:00Z,115438.06,115666.67999999999,110680,113493.59,10634702155.3962,0.0001
2025-08-25T00:00:00Z,113493.59,113667.28,109274.10000000001,110111.98,9919374502.2016773,4.5219999999999997e-05
2025-08-26T00:00:00Z,110111.98,112371,108666.66,111763.22,9970330319.1515007,1.802e-05
2025-08-27T00:00:00Z,111763.22,112625,110345.42,111262.00999999999,9801568720.3075542,5.2970000000000003e-05
2025-08-28T00:00:00Z,111262.00999999999,113485.89999999999,110862.42,112566.89999999999,9901380762.9364281,4.261e-05
2025-08-29T00:00:00Z,112566.89999999999,112638.64,107463.89999999999,108377.39999999999,9657337839.2700005,7.5229999999999996e-05
2025-08-30T00:00:00Z,108377.39999999999,108926.14999999999,107350.10000000001,108816.33,9739306586.3064518,-1.2320000000000001e-05
2025-08-31T00:00:00Z,108816.33,109480.02,108076.92999999999,108246.35000000001,9720584238.7628002,4.6600000000000001e-05
2025-09-01T00:00:00Z,108246.36,109912.39999999999,107255,109237.42,9657908124.5941143,6.9460000000000002e-05
2025-09-02T00:00:00Z,109237.42999999999,111771.52,108393.39,111240.00999999999,9925816193.3442307,7.6699999999999994e-06
2025-09-03T00:00:00Z,111240.00999999999,112575.27,110528.71000000001,111705.71000000001,10083869835.566502,1.808e-05
2025-09-04T00:00:00Z,111705.72,112180,109329.12,110730.87,9749517120.4599991,7.5320000000000004e-05
2025-09-05T00:00:00Z,110730.87,113384.62,110206.96000000001,110659.99000000001,9651513408.1872005,1.2969999999999999e-05
2025-09-06T00:00:00Z,110660,111307.7,109977,110187.97,9580639680.0631008,1.9700000000000001e-05
2025-09-07T00:00:00Z,110187.98,111600,110180,111137.34,9873777703.1280003,9.4040000000000001e-05
2025-09-08T00:00:00Z,111137.35000000001,112924.37,110621.78,112065.23,10221566921.77392,3.799e-05
2025-09-09T00:00:00Z,112065.23,113293.28999999999,110766.66,111546.39,10273687644.4221,5.8050000000000002e-05
2025-09-10T00:00:00Z,111546.38,114313.13,110917.45,113960,10684144188.079056,5.8430000000000001e-05
2025-09-11T00:00:00Z,113960,115488.09,113430,115482.69,10693609869.267,6.1370000000000004e-05
2025-09-12T00:00:00Z,115482.69,116665.63,114740.99000000001,116029.42,10634183360.9312,-1.554e-05
2025-09-13T00:00:00Z,116029.41,116298.78,115127.27,115918.28999999999,10336997617.421158,8.1819999999999999e-05
2025-09-14T00:00:00Z,115918.28999999999,116165.19,115135,115268.00999999999,10110916340.359228,6.2069999999999994e-05
2025-09-15T00:00:00Z,115268.00999999999,116757.99000000001,114384,115349.71000000001,10186960595.700001,9.9699999999999994e-06
2025-09-16T00:00:00Z,115349.71000000001,116964.27,114737.11,116788.96000000001,10593453633.041401,6.9720000000000003e-05
2025-09-17T00:00:00Z,116788.96000000001,117286.73,114720.81,116447.59,10178632812.952499,4.9410000000000003e-05
2025-09-18T00:00:00Z,116447.60000000001,117900,116092.75999999999,117073.53,10657880703.866705,-2.3099999999999999e-06
2025-09-19T00:00:00Z,117073.53,117459.99000000001,115100,115632.38,10416134961.284142,3.7570000000000001e-05
2025-09-20T00:00:00Z,115632.39,116121.81,115408.47,115685.63,10308696493.75,-5.3220000000000002e-05
2025-09-21T00:00:00Z,115685.63,115819.06,115188,115232.28999999999,10215838795.274,6.6649999999999994e-05
2025-09-22T00:00:00Z,115232.28999999999,115379.25,111800,112650.99000000001,9809407437.5972996,7.0619999999999998e-05
2025-09-23T00:00:00Z,112650.99000000001,113290.5,111458.73,111998.8,9878901810.0830994,5.7939999999999998e-05
2025-09-24T00:00:00Z,111998.8,113940,111042.66,113307,10096566579.767347,-2.2000000000000001e-06
2025-09-25T00:00:00Z,113307.00999999999,113510.23,108631.50999999999,108994.49000000001,9241291596.3301048,3.1430000000000002e-05
2025-09-26T00:00:00Z,108994.49000000001,110300,108620.07000000001,109643.46000000001,9306474678.3094769,-9.9999999999999995e-08
2025-09-27T00:00:00Z,109643.46000000001,109743.91,109064.39999999999,109635.85000000001,9265089596.7805939,3.3139999999999998e-05
2025-09-28T00:00:00Z,109635.85000000001,112350,109189.99000000001,112163.95,9652614257.7865009,2.3119999999999999e-05
2025-09-29T00:00:00Z,112163.96000000001,114400,111560.64999999999,114311.96000000001,10154035503.568373,2.353e-05
2025-09-30T00:00:00Z,114311.97,114792,112656.27,114048.92999999999,10091013241.2845,3.3550000000000002e-05
2025-10-01T00:00:00Z,114048.94,118649.10000000001,113966.67,118594.99000000001,10843634484.5312,7.784e-05
2025-10-02T00:00:00Z,118594.99000000001,121022.07000000001,118279.31,120529.35000000001,11286126289.216801,9.9259999999999995e-05
2025-10-03T00:00:00Z,120529.35000000001,123894.99000000001,119248.3,122232,11712862032.998199,0.0001
2025-10-04T00:00:00Z,122232.21000000001,122800,121510,122391,11795614290.504801,8.6479999999999999e-05
2025-10-05T00:00:00Z,122390.99000000001,125708.42,122136,123482.31,12254873996.3293,7.6719999999999997e-05
2025-10-06T00:00:00Z,123482.32000000001,126199.63,123084,124658.53999999999,12478899605.25543,0.0001
2025-10-07T00:00:00Z,124658.53999999999,125126,120574.94,121332.95,11299130631.663,2.5420000000000001e-05
2025-10-08T00:00:00Z,121332.96000000001,124197.25,121066.14,123306,11368910594.962025,1.344e-05
2025-10-09T00:00:00Z,123306.00999999999,123762.94,119651.47,121662.39999999999,11760735714.887691,7.8499999999999994e-06
2025-10-10T00:00:00Z,121662.41,122550,102000,112774.5,8185170734.6040001,0.0001
2025-10-11T00:00:00Z,112774.49000000001,113322.39,109561.59,110644.39999999999,8219771031.1680002,-3.0549999999999997e-05
2025-10-12T00:00:00Z,110644.39999999999,115770,109565.06,114958.8,8722603038.2639999,-3.9419999999999999e-05
2025-10-13T00:00:00Z,114958.81,115963.81,113616.5,115166,8825969758.8882999,-4.0410000000000001e-05
2025-10-14T00:00:00Z,115166,115409.96000000001,109866,113028.14,8958369721.1994991,-5.4249999999999997e-05
2025-10-15T00:00:00Z,113028.13,113612.35000000001,110164,110763.28,8651211854.4624653,-2.741e-05
2025-10-16T00:00:00Z,110763.28,111982.45,107427,108194.28,8624248777.906744,-2.8499999999999998e-06
2025-10-17T00:00:00Z,108194.27,109240,103528.23,106431.67999999999,8407701052.4398003,-4.8189999999999998e-05
2025-10-18T00:00:00Z,106431.67999999999,107499,106322.2,107185.00999999999,8808504898.4449997,-1.411e-05
2025-10-19T00:00:00Z,107185,109450.07000000001,106103.36,108642.78,8772795826.3388996,-2.1970000000000001e-05
2025-10-20T00:00:00Z,108642.77,111705.56,107402.52,110532.09,9261885786.1490993,-5.5670000000000001e-05
2025-10-21T00:00:00Z,110532.09,114000,107473.72,108297.67,8976485255.5230942,-4.2120000000000003e-05
2025-10-22T00:00:00Z,108297.66,109163.88,106666.69,107567.44,8169079867.0676003,8.9110000000000006e-05
2025-10-23T00:00:00Z,107567.45,111293.61,107500,110078.17999999999,8426728856.2415552,3.3909999999999999e-05
2025-10-24T00:00:00Z,110078.19,112104.98,109700.00999999999,111004.89,8629763622.8439999,5.02e-05
2025-10-25T00:00:00Z,111004.89999999999,111943.19,110672.86,111646.27,8850132895.3182487,1.9029999999999999e-05
2025-10-26T00:00:00Z,111646.27,115466.8,111260.45,114559.39999999999,9359874067.0554352,0.0001
2025-10-27T00:00:00Z,114559.41,116400,113830.00999999999,114107.64999999999,8899181732.1688995,6.0590000000000001e-05
2025-10-28T00:00:00Z,114107.64999999999,116086,112211,112898.45,8555778136.4891911,-3.2000000000000001e-07
2025-10-29T00:00:00Z,112898.44,113643.73,109200,110021.28999999999,8613995970.6824417,1.097e-05
2025-10-30T00:00:00Z,110021.3,111592,106304.34,108322.88,8433782080.9119997,2.1299999999999999e-06
2025-10-31T00:00:00Z,108322.87,111190,108275.28,109608.00999999999,8584792196.5712004,0.0001
2025-11-01T00:00:00Z,109608.00999999999,110564.49000000001,109394.81,110098.10000000001,8438899744.2830019,8.2000000000000001e-05
2025-11-02T00:00:00Z,110098.10000000001,111250.00999999999,109471.34,110540.67999999999,8400309017.0789728,6.0980000000000002e-05
2025-11-03T00:00:00Z,110540.69,110750,105306.56,106583.03999999999,8248399242.4393997,0.0001
2025-11-04T00:00:00Z,106583.05,107299,98944.360000000001,101497.22,8216908706.2264996,7.1320000000000002e-05
2025-11-05T00:00:00Z,101497.23,104534.74000000001,98966.800000000003,103885.16,8711448334.6577435,3.985e-05
2025-11-06T00:00:00Z,103885.16,104200,100300.95,101346.03999999999,8336692202.3615999,4.7049999999999998e-05
2025-11-07T00:00:00Z,101346.03999999999,104096.36,99260.860000000001,103339.08,8969884426.8117008,7.7760000000000001e-05
2025-11-08T00:00:00Z,103339.09,103406.22,101454,102312.94,8619042452.0858002,-1.6399999999999999e-05
2025-11-09T00:00:00Z,102312.95,105495.62,101400,104722.96000000001,8949148311.6023998,8.8700000000000001e-05
2025-11-10T00:00:00Z,104722.95,106670.11,104265.02,106011.13,9202894150.2238007,2.8180000000000001e-05
2025-11-11T00:00:00Z,106011.13,107500,102476.09,103058.99000000001,8821820136.9049931,2.4620000000000001e-05
2025-11-12T00:00:00Z,103059,105333.33,100813.59,101654.37,8736888776.5277996,1.077e-05
2025-11-13T00:00:00Z,101654.37,104085.00999999999,98000.399999999994,99692.020000000004,9130386257.6694984,8.5690000000000001e-05
2025-11-14T00:00:00Z,99692.029999999999,99866.020000000004,94012.449999999997,94594,8829245667.3199997,8.5069999999999997e-05
2025-11-15T00:00:00Z,94594,96846.679999999993,94558.490000000005,95596.240000000005,9256685640.1646004,7.7449999999999999e-05
2025-11-16T00:00:00Z,95596.229999999996,96635.110000000001,93005.550000000003,94261.440000000002,9299540400.6808987,0.0001
2025-11-17T00:00:00Z,94261.449999999997,96043,91220,92215.139999999999,9338177158.8544006,0.0001
2025-11-18T00:00:00Z,92215.139999999999,93836.009999999995,89253.779999999999,92960.830000000002,9287504651.1564007,7.4960000000000001e-05
2025-11-19T00:00:00Z,92960.830000000002,92980.220000000001,88608,91554.960000000006,9227186355.7641544,4.2589999999999997e-05
2025-11-20T00:00:00Z,91554.960000000006,93160,86100,86637.229999999996,9097192182.3186378,4.2719999999999998e-05
2025-11-21T00:00:00Z,86637.220000000001,87498.940000000002,80600,85129.429999999993,8373797978.3565445,1.3730000000000001e-05
2025-11-22T00:00:00Z,85129.419999999998,85620,83500,84739.740000000005,8372771128.3796024,3.8120000000000001e-05
2025-11-23T00:00:00Z,84739.75,88127.639999999999,84667.570000000007,86830,8389728522.0944996,-5.9999999999999995e-08
2025-11-24T00:00:00Z,86830,89228,85272,88300.009999999995,8224813410.722476,-5.2899999999999998e-05
2025-11-25T00:00:00Z,88300.009999999995,88519.990000000005,86116,87369.960000000006,7861700429.8079996,4.0380000000000003e-05
2025-11-26T00:00:00Z,87369.970000000001,90656.080000000002,86306.770000000004,90484.020000000004,8048699931.7200003,-2.599e-05
2025-11-27T00:00:00Z,90484.009999999995,91950,90089.910000000003,91333.949999999997,8235254701.2661572,1.7710000000000002e-05
2025-11-28T00:00:00Z,91333.940000000002,93092,90180.630000000005,90890.699999999997,8110502573.7203999,-1.982e-05
2025-11-29T00:00:00Z,90890.710000000006,91165.649999999994,90155.470000000001,90802.440000000002,8031472952.8599005,6.0819999999999997e-05
2025-11-30T00:00:00Z,90802.440000000002,92000.009999999995,90336.899999999994,90360,8182255546.7384405,3.5930000000000003e-05
2025-12-01T00:00:00Z,90360.009999999995,90417,83822.759999999995,86286.009999999995,7624302890.1057749,-1.009e-05
2025-12-02T00:00:00Z,86286.009999999995,92307.649999999994,86184.389999999999,91277.880000000005,8111364002.7133999,-1.732e-05
2025-12-03T00:00:00Z,91277.880000000005,94150,90990.229999999996,93429.949999999997,8247814177.5515556,-3.9500000000000003e-06
2025-12-04T00:00:00Z,93429.949999999997,94080,90889,92078.059999999998,8214704928.9592094,4.8369999999999999e-05
2025-12-05T00:00:00Z,92078.059999999998,92692.360000000001,88056,89330.039999999994,7742134475.4427252,3.693e-05
2025-12-06T00:00:00Z,89330.039999999994,90289.970000000001,88908.009999999995,89236.789999999994,7815905093.9249001,4.1919999999999998e-05
2025-12-07T00:00:00Z,89236.800000000003,91760,87719.279999999999,90395.309999999998,7874440013.2118254,-5.3900000000000001e-06
2025-12-08T00:00:00Z,90395.320000000007,92287.149999999994,89612,90634.339999999997,7885980498.8234997,8.5199999999999997e-06
2025-12-09T00:00:00Z,90634.350000000006,94588.990000000005,89500,92678.800000000003,8206894496.1071997,2.777e-05
2025-12-10T00:00:00Z,92678.809999999998,94476,91563.149999999994,92015.369999999995,7861895590.8629141,2.5899999999999999e-05
2025-12-11T00:00:00Z,92015.380000000005,93555,89260.630000000005,92513.380000000005,8055272475.6246004,6.9140000000000005e-05
2025-12-12T00:00:00Z,92513.380000000005,92754,89480,90268.419999999998,7895557387.5650997,1.2100000000000001e-06
2025-12-13T00:00:00Z,90268.429999999993,90634.550000000003,89766.389999999999,90240.009999999995,7915210044.5209999,0.0001
2025-12-14T00:00:00Z,90240,90472.399999999994,87577.360000000001,88172.169999999998,7801176369.899045,1.9e-06
2025-12-15T00:00:00Z,88172.160000000003,90052.639999999999,85146.639999999999,86432.080000000002,7902458729.6999998,7.4670000000000002e-05
2025-12-16T00:00:00Z,86432.080000000002,88175.979999999996,85266,87863.419999999998,7781357231.2475996,6.2210000000000002e-05
2025-12-17T00:00:00Z,87863.429999999993,90365.850000000006,85314,86243.220000000001,7600530833.8457556,6.2299999999999996e-05
2025-12-18T00:00:00Z,86243.229999999996,89477.610000000001,84450.009999999995,85516.410000000003,7674479220.6713829,5.4910000000000001e-05
2025-12-19T00:00:00Z,85516.410000000003,89399.970000000001,85110.240000000005,88136.940000000002,8104669058.2868996,0.0001
2025-12-20T00:00:00Z,88136.949999999997,88573.070000000007,87795.759999999995,88360.899999999994,8057222518.6609001,9.6819999999999998e-05
2025-12-21T00:00:00Z,88360.910000000003,89081.770000000004,87600.039999999994,88658.860000000001,7963914131.1280003,4.3890000000000002e-05
2025-12-22T00:00:00Z,88658.869999999995,90588.229999999996,87900,88620.789999999994,8070359212.8599997,2.633e-05
2025-12-23T00:00:00Z,88620.789999999994,88940,86601.899999999994,87486,8319493461.9926491,0.0001
2025-12-24T00:00:00Z,87486,88049.889999999999,86420,87669.449999999997,8114906891.6198997,5.9530000000000001e-05
2025-12-25T00:00:00Z,87669.440000000002,88592.740000000005,86934.720000000001,87225.270000000004,8125075510.9854107,4.3779999999999998e-05
2025-12-26T00:00:00Z,87225.270000000004,89567.75,86655.080000000002,87369.559999999998,8077380422.7911978,1.8090000000000001e-05
2025-12-27T00:00:00Z,87369.559999999998,87984,87253.050000000003,87877.009999999995,8038382736.6337004,-3.5999999999999999e-07
2025-12-28T00:00:00Z,87877,88088.75,87435,87952.710000000006,8181851823.7004995,0.0001
2025-12-29T00:00:00Z,87952.710000000006,90406.080000000002,86806.5,87237.130000000005,8276735511.8216038,0.0001
2025-12-30T00:00:00Z,87237.130000000005,89400,86845.660000000003,88485.490000000005,8377567761.5306997,2.9220000000000001e-05
2025-12-31T00:00:00Z,88485.5,89200,87250,87648.220000000001,8252928327.4554996,0.0001
2026-01-01T00:00:00Z,87648.210000000006,88919.449999999997,87550.429999999993,88839.039999999994,8341953714.6974001,5.6079999999999998e-05
2026-01-02T00:00:00Z,88839.050000000003,90961.809999999998,88379.880000000005,89995.130000000005,8701694257.9658756,3.1099999999999997e-05
2026-01-03T00:00:00Z,89995.139999999999,90741.160000000003,89314.009999999995,90628.009999999995,8798900116.5582008,9.488e-05
2026-01-04T00:00:00Z,90628.009999999995,91810,90628,91529.729999999996,8942188043.5356827,8.8930000000000004e-05
2026-01-05T00:00:00Z,91529.740000000005,94789.080000000002,91514.809999999998,93859.710000000006,9058087088.6219997,-1.376e-05
2026-01-06T00:00:00Z,93859.710000000006,94444.440000000002,91262.940000000002,93747.970000000001,8711997358.2362995,6.5820000000000003e-05
2026-01-07T00:00:00Z,93747.970000000001,93747.970000000001,90675.520000000004,91364.160000000003,8760695391.7838993,8.6929999999999996e-05
2026-01-08T00:00:00Z,91364.160000000003,91687.990000000005,89311,91099.990000000005,8876209738.3525009,-2.813e-05
2026-01-09T00:00:00Z,91100,92082.550000000003,89694.660000000003,90641.279999999999,8695835426.6577873,5.643e-05
2026-01-10T00:00:00Z,90641.270000000004,90832,90404,90504.699999999997,8682003291.4169502,8.7440000000000003e-05
2026-01-11T00:00:00Z,90504.699999999997,91283.889999999999,90236,91013.649999999994,8780068058.5046005,1.8130000000000001e-05
2026-01-12T00:00:00Z,91013.660000000003,92519.949999999997,90128.440000000002,91296.199999999997,8523532297.3078251,2.245e-05
2026-01-13T00:00:00Z,91296.199999999997,92404.770000000004,91042.660000000003,92400,8646623021.5643997,1.2899999999999999e-06
2026-01-14T00:00:00Z,95413.990000000005,97924.490000000005,94559.279999999999,96951.779999999999,9338990871.2882004,-3.67e-06
2026-01-15T00:00:00Z,96951.779999999999,97193.339999999997,95134.479999999996,95604.800000000003,9231301752.4601994,7.3399999999999995e-05
2026-01-16T00:00:00Z,95604.809999999998,95871.470000000001,94293.460000000006,95550.940000000002,9097298321.3363991,-1.7799999999999999e-06
2026-01-17T00:00:00Z,95550.940000000002,95639.449999999997,95021.669999999998,95147.770000000004,9126515783.973526,3.5030000000000002e-05
2026-01-18T00:00:00Z,95147.770000000004,95531.119999999995,93615.399999999994,93673.139999999999,8965491236.6865005,3.4730000000000001e-05
2026-01-19T00:00:00Z,93673.139999999999,93673.139999999999,91910.199999999997,92631,8704859825.9413948,9.8189999999999993e-05
2026-01-20T00:00:00Z,92630.990000000005,92870,87895.979999999996,88427.660000000003,8741300958.3393002,0.0001
2026-01-21T00:00:00Z,88427.660000000003,90574,87263.529999999999,89454.729999999996,8859633939.7021236,6.355e-05
2026-01-22T00:00:00Z,89454.729999999996,90359.990000000005,88515.369999999995,89559.669999999998,8919604868.6226006,5.0899999999999997e-05
2026-01-23T00:00:00Z,89559.679999999993,91224.990000000005,88578.360000000001,89600.259999999995,8802610950.4148006,1.5310000000000001e-05
2026-01-24T00:00:00Z,89600.259999999995,89957.389999999999,89162.080000000002,89225.339999999997,8881140017.1411839,1.3360000000000001e-05
2026-01-25T00:00:00Z,89225.339999999997,89319.130000000005,86074.720000000001,86670.360000000001,8852035857.0629997,4.0670000000000002e-05
2026-01-26T00:00:00Z,86670.360000000001,88860,86509.630000000005,88347.080000000002,8910467454.5000725,4.2670000000000003e-05
2026-01-27T00:00:00Z,88347.080000000002,89523.160000000003,87304.330000000002,89250,9089531741.6542454,6.2370000000000001e-05
2026-01-28T00:00:00Z,89249.990000000005,90600,88833.649999999994,89299.990000000005,9063507488.5939999,7.2100000000000004e-05
2026-01-29T00:00:00Z,89300,89348,83383.330000000002,84650.160000000003,9013074911.315567,4.4780000000000002e-05
2026-01-30T00:00:00Z,84650.160000000003,84735.75,81118,84260.490000000005,8603676558.371912,9.6929999999999995e-05
2026-01-31T00:00:00Z,84260.5,84270.020000000004,75719.899999999994,78741.089999999997,7362636457.7595558,-3.2669999999999997e-05
2026-02-01T00:00:00Z,78741.100000000006,79424,75700,76968.210000000006,6887010380.8255997,6.7999999999999995e-07
2026-02-02T00:00:00Z,76968.220000000001,79360,74604,78738.610000000001,6996173691.8412418,-2.2030000000000001e-05
2026-02-03T00:00:00Z,78738.600000000006,79186.809999999998,72945.5,75770.210000000006,6739541313.5156002,1.19e-06
2026-02-04T00:00:00Z,75770.210000000006,76971.520000000004,71888,73165.830000000002,6862449862.6134005,9.1730000000000004e-05
2026-02-05T00:00:00Z,73165.839999999997,73341.179999999993,62345,62909.860000000001,5831224563.1483002,-1.5970000000000001e-05
2026-02-06T00:00:00Z,62909.870000000003,71751.330000000002,60000,70580.259999999995,6004867388.5900002,-0.00015177999999999999
2026-02-07T00:00:00Z,70580.259999999995,71690.070000000007,67300,69289.380000000005,5636836736.9053888,-3.4029999999999998e-05
2026-02-08T00:00:00Z,69289.369999999995,72271.410000000003,68888,70330.380000000005,5660635723.4440355,-3.0750000000000002e-05
2026-02-09T00:00:00Z,70330.380000000005,71453.529999999999,68308,70138,5523580303.6020002,-8.7979999999999995e-05
2026-02-10T00:00:00Z,70138,70527.589999999997,67800,68841.289999999994,5453080233.8643999,1.4e-05
2026-02-11T00:00:00Z,68841.279999999999,69292.880000000005,65756,67082.520000000004,5432681793.8718004,-1.381e-05
2026-02-12T00:00:00Z,67082.520000000004,68410.520000000004,65118,66272.169999999998,5285030284.5791998,5.834e-05
2026-02-13T00:00:00Z,66272.169999999998,69482.970000000001,65872.460000000006,68853.960000000006,5453426457.2344418,1.291e-05
2026-02-14T00:00:00Z,68853.970000000001,70560.009999999995,68730.130000000005,69822.949999999997,5428547746.6527996,-1.0679999999999999e-05
2026-02-15T00:00:00Z,69822.940000000002,70983,68000,68832.580000000002,5305413472.7576838,2.6590000000000001e-05
2026-02-16T00:00:00Z,68832.589999999997,70126.669999999998,67294.110000000001,68892.429999999993,5215287408.1794405,5.8829999999999997e-05
2026-02-17T00:00:00Z,68892.429999999993,69241.5,66621.059999999998,67503.520000000004,5335154839.2798996,3.2150000000000002e-05
2026-02-18T00:00:00Z,67503.520000000004,68476.220000000001,65870,66461,5327423387.5643454,-4.0139999999999999e-05
2026-02-19T00:00:00Z,66461,67320,65631.830000000002,67003.729999999996,5410372362.4499998,5.3650000000000003e-05
2026-02-20T00:00:00Z,67003.729999999996,68318.389999999999,66280.199999999997,68020.009999999995,5452680747.0349569,4.456e-05
2026-02-21T00:00:00Z,68020,68698.699999999997,67534.690000000002,67975.929999999993,5494674778.2970161,7.3000000000000004e-06
2026-02-22T00:00:00Z,67975.929999999993,68245,67190,67643.399999999994,5316159105.0174999,6.9460000000000002e-05
2026-02-23T00:00:00Z,67643.389999999999,67684.860000000001,63888.790000000001,64656.019999999997,5146082716.0791616,5.7059999999999999e-05
2026-02-24T00:00:00Z,64656.010000000002,65026.75,62510.279999999999,64058.150000000001,5109292895.0064001,2.3750000000000001e-05
2026-02-25T00:00:00Z,64058.150000000001,69988.830000000002,63913.269999999997,67988.039999999994,5443964929.0533714,-1.9979999999999998e-05
2026-02-26T00:00:00Z,67988.039999999994,68860,66500,67485.179999999993,5333010397.7198,-9.91e-06
2026-02-27T00:00:00Z,67485.190000000002,68216.800000000003,64914.459999999999,65872.100000000006,5213380080.1690359,4.0410000000000001e-05
2026-02-28T00:00:00Z,65872.089999999997,67760,63030,66973.259999999995,5179889735.5656128,-6.8800000000000002e-06
2026-03-01T00:00:00Z,66973.259999999995,68199.990000000005,65056,65776.470000000001,5116796743.7384005,-2.9900000000000002e-06
2026-03-02T00:00:00Z,65776.479999999996,70096,65259.209999999999,68830.059999999998,5656522855.3518,-1.86e-06
2026-03-03T00:00:00Z,68830.059999999998,69258.080000000002,66158,68338,5404964066.2639866,-5.3900000000000002e-05
2026-03-04T00:00:00Z,68338.009999999995,74050,67400,72666.770000000004,6643426773.9670792,3.5670000000000002e-05
2026-03-05T00:00:00Z,72666.770000000004,73558.149999999994,70645.470000000001,70890.720000000001,5911950970.558959,1.6889999999999999e-05
2026-03-06T00:00:00Z,70891.020000000004,71419.979999999996,67744.779999999999,68114.020000000004,5674898107.4646158,6.19e-06
2026-03-07T00:00:00Z,68114.020000000004,68551.039999999994,66915.259999999995,67262.910000000003,5630727369.618,-4.4960000000000003e-05
2026-03-08T00:00:00Z,67262.910000000003,68200,65618.490000000005,65971.199999999997,5412771325.0900002,-5.77e-05
2026-03-09T00:00:00Z,65971.199999999997,69516.649999999994,65821.970000000001,68432.160000000003,5580886459.353488,-2.3940000000000001e-05
2026-03-10T00:00:00Z,68432.160000000003,71777,68391.410000000003,69948.630000000005,5633753832.2358561,-0.00011052000000000001
2026-03-11T00:00:00Z,69948.639999999999,71321,68977.910000000003,70191.860000000001,5798607780.4257002,-7.8020000000000002e-05
2026-03-12T00:00:00Z,70191.860000000001,70800,69205.910000000003,70541.339999999997,5940047298.4466286,-2.7889999999999999e-05
2026-03-13T00:00:00Z,70541.339999999997,73913.740000000005,70386.009999999995,70930,5895264561.9652004,-3.7900000000000001e-06
2026-03-14T00:00:00Z,70930.009999999995,71307.919999999998,70317,71211.949999999997,5942689659.6672001,-1.8830000000000001e-05
2026-03-15T00:00:00Z,71211.949999999997,73199,70858.820000000007,72815.240000000005,6047235178.1831999,2.5130000000000002e-05
2026-03-16T00:00:00Z,72815.25,74909.080000000002,72270.410000000003,74884.669999999998,6613707290.641551,2.4099999999999998e-06
2026-03-17T00:00:00Z,74884.669999999998,76000,73399.190000000002,73909.360000000001,6885751598.2975998,-6.5690000000000003e-05
2026-03-18T00:00:00Z,73909.369999999995,74672.339999999997,70500,71246.539999999994,6119282055.6954241,-9.7399999999999999e-06
2026-03-19T00:00:00Z,71246.550000000003,71613.789999999994,68793.350000000006,69930,6072083733.1904736,6.2500000000000003e-06
2026-03-20T00:00:00Z,69930.009999999995,71367,69388,70510.729999999996,6115467845.499733,-1.4929999999999999e-05
2026-03-21T00:00:00Z,70510.729999999996,71100.940000000002,68571.419999999998,68918.119999999995,5950086368.8168001,8.0600000000000008e-06
2026-03-22T00:00:00Z,68918.119999999995,69588.789999999994,67360.660000000003,67859,5879387266.8188,-2.0789999999999999e-05
2026-03-23T00:00:00Z,67859,71817.089999999997,67445.179999999993,70906.449999999997,6054518040.6642847,4.2290000000000003e-05
2026-03-24T00:00:00Z,70906.449999999997,71400,68923.070000000007,70556.740000000005,6076509318.6777802,2.3099999999999999e-05
2026-03-25T00:00:00Z,70556.740000000005,72026.089999999997,70408,71336.529999999999,6153626051.7449999,2.4479999999999999e-05
2026-03-26T00:00:00Z,71336.529999999999,71436.820000000007,68153,68820.309999999998,6012543398.4520302,2.9249999999999999e-05
2026-03-27T00:00:00Z,68820.309999999998,69179.050000000003,65548.25,66407.279999999999,6316390989.2412004,-8.0879999999999998e-05
2026-03-28T00:00:00Z,66407.279999999999,67288.940000000002,65932.089999999997,66377.029999999999,6225327094.9272594,-3.68e-05
2026-03-29T00:00:00Z,66377.039999999994,67130.5,65000,66010.929999999993,6217661952.7045002,3.0000000000000001e-06
2026-03-30T00:00:00Z,66010.929999999993,68169.649999999994,65800.589999999997,66797.369999999995,6004606427.3034,1.1599999999999999e-06
2026-03-31T00:00:00Z,66797.380000000005,68589.490000000005,65998.050000000003,68284.479999999996,6087857724.4799995,-3.4489999999999997e-05
2026-04-01T00:00:00Z,68284.490000000005,69310,67578.75,68113.919999999998,6071747563.6455002,3.5209999999999997e-05
2026-04-02T00:00:00Z,68113.919999999998,68653.380000000005,65712.119999999995,66901.990000000005,6026348660.5003862,-8.3100000000000001e-06
2026-04-03T00:00:00Z,66901.990000000005,67370.419999999998,66282,66964.300000000003,6042223948.3800001,3.7610000000000001e-05
2026-04-04T00:00:00Z,66964.289999999994,67562.929999999993,66775.910000000003,67300.419999999998,6148641365.2511997,2.4070000000000002e-05
2026-04-05T00:00:00Z,67300.419999999998,69136.199999999997,66611.660000000003,69034.179999999993,6280741806.0057001,7.0729999999999995e-05
2026-04-06T00:00:00Z,69034.179999999993,70351.460000000006,68300,68853.660000000003,6303299554.3626003,-3.1499999999999999e-06
2026-04-07T00:00:00Z,68853.660000000003,72761,67732.009999999995,71924.220000000001,6328106335.6041327,6.02e-05
2026-04-08T00:00:00Z,71924.220000000001,72857,70707.229999999996,71069.929999999993,6463611364.815402,-1.4699999999999999e-06
2026-04-09T00:00:00Z,71069.929999999993,73145,70466,71787.970000000001,6671269465.2440758,4.1099999999999996e-06
2026-04-10T00:00:00Z,71787.979999999996,73434,71426.149999999994,72962.699999999997,7082119683.5064001,-7.2249999999999994e-05
2026-04-11T00:00:00Z,72962.710000000006,73790,72513.089999999997,73043.160000000003,7207692418.9412823,-8.1080000000000003e-05
2026-04-12T00:00:00Z,73043.160000000003,73137.240000000005,70505.880000000005,70740.979999999996,6418385830.9035997,-2.34e-06
2026-04-13T00:00:00Z,70741.559999999998,74900,70566.990000000005,74417.990000000005,6964827651.5460052,-5.8539999999999999e-05
2026-04-14T00:00:00Z,74418,76038,73795.470000000001,74131.550000000003,7374211471.3302002,-9.3129999999999998e-05
2026-04-15T00:00:00Z,74131.550000000003,75425,73514,74809.990000000005,7337471529.6882,-3.4180000000000001e-05
2026-04-16T00:00:00Z,74809.990000000005,75534.759999999995,73309.850000000006,75154.289999999994,7356550651.4713211,3.2969999999999998e-05
2026-04-17T00:00:00Z,75154.279999999999,78333,74529.399999999994,77072,8230152712.1513205,-8.0980000000000001e-05
2026-04-18T00:00:00Z,77072.009999999995,77420.080000000002,75445.160000000003,75691.759999999995,7433735276.5427999,-8.3949999999999994e-05
2026-04-19T00:00:00Z,75691.759999999995,76240.660000000003,73762.899999999994,73801.789999999994,7057530464.6737928,-4.6149999999999997e-05
2026-04-20T00:00:00Z,73801.800000000003,76558.619999999995,73724.309999999998,75840.970000000001,7067777605.5391998,-7.9369999999999994e-05
2026-04-21T00:00:00Z,75840.970000000001,76927.570000000007,74821.570000000007,76336.149999999994,7234926958.7715998,-2.2370000000000001e-05
2026-04-22T00:00:00Z,76336.139999999999,79472.820000000007,76132.949999999997,78178.229999999996,8116627561.6068573,-7.8700000000000002e-05
2026-04-23T00:00:00Z,78178.220000000001,78662.5,76960,78257.479999999996,7755518252.3532,-3.8290000000000001e-05
2026-04-24T00:00:00Z,78257.479999999996,78581.929999999993,77264.080000000002,77437.130000000005,7443571888.9765997,-1.077e-05
2026-04-25T00:00:00Z,77437.130000000005,77885.350000000006,77140.229999999996,77625,7440508256.96,2.4099999999999998e-06
2026-04-26T00:00:00Z,77625,78961,77326.509999999995,78657.550000000003,7563436604.5916996,2.4899999999999999e-06
2026-04-27T00:00:00Z,78657.550000000003,79485.660000000003,76459.639999999999,77371.320000000007,7544531933.3861752,-3.9509999999999999e-05
2026-04-28T00:00:00Z,77371.320000000007,77478,75666.600000000006,76342.770000000004,7449614946.0755997,1.305e-05
2026-04-29T00:00:00Z,76342.779999999999,77904.929999999993,74937.520000000004,75780,7233847598.3535995,-4.2200000000000003e-05
2026-04-30T00:00:00Z,75780,76669.139999999999,75323.649999999994,76346.570000000007,7272988012.4989386,-3.7459999999999997e-05
2026-05-01T00:00:00Z,76346.580000000002,78914.119999999995,76320.419999999998,78231.130000000005,8121402240.8432999,-8.2199999999999992e-06
2026-05-02T00:00:00Z,78231.130000000005,79199.479999999996,78040,78686.850000000006,8029811346.924078,2.2900000000000001e-05
2026-05-03T00:00:00Z,78686.839999999997,79447,78084.080000000002,78568.570000000007,8119065512.7146997,4.3040000000000001e-05
2026-05-04T00:00:00Z,78568.580000000002,80776.990000000005,78202,79861.009999999995,8675908060.2404995,-3.8299999999999998e-06
2026-05-05T00:00:00Z,79861.009999999995,81791.479999999996,79808.720000000001,80905.520000000004,9157591576.7630005,-9.1529999999999999e-05
2026-05-06T00:00:00Z,80905.529999999999,82850,80731.139999999999,81447.009999999995,8658795642.0740585,-5.8560000000000002e-05
2026-05-07T00:00:00Z,81447.009999999995,81708.320000000007,79500,80006,8308690896.8016005,-7.4060000000000006e-05
2026-05-08T00:00:00Z,80006,80500,79181.479999999996,80193.169999999998,8082993139.7756996,1.8410000000000002e-05
2026-05-09T00:00:00Z,80193.179999999993,81080,80129.850000000006,80678.399999999994,8081660980.5391703,8.9999999999999996e-07
2026-05-10T00:00:00Z,80678.410000000003,82479.320000000007,80279.770000000004,82210.070000000007,8256374453.7735996,5.7979999999999997e-05
2026-05-11T00:00:00Z,82210.070000000007,82380,80462.970000000001,81745.649999999994,8212936557.3812551,-1.15e-06
2026-05-12T00:00:00Z,81745.660000000003,81788,79843.589999999997,80504.470000000001,8487896434.2586603,5.3669999999999999e-05
2026-05-13T00:00:00Z,80504.470000000001,81324.639999999999,78754.649999999994,79313.610000000001,8269001740.5372,3.9279999999999997e-05
2026-05-14T00:00:00Z,79313.610000000001,82048.130000000005,78922,81089.990000000005,8952198019.6569939,-4.2389999999999999e-05
2026-05-15T00:00:00Z,81090,81664.449999999997,78659,79113.210000000006,8055883721.0873003,3.9379999999999999e-05
2026-05-16T00:00:00Z,79113.199999999997,79227.770000000004,77640,78148.050000000003,7958085954.3439236,4.0370000000000001e-05
2026-05-17T00:00:00Z,78148.050000000003,78599.990000000005,76735.160000000003,77457.669999999998,7810057721.3140001,-1.131e-05
2026-05-18T00:00:00Z,77457.669999999998,77800,76051,77001.869999999995,8039490310.0143995,5.164e-05
2026-05-19T00:00:00Z,77001.880000000005,77414.619999999995,76144.710000000006,76834.360000000001,7974657868.8000002,3.2539999999999997e-05
2026-05-20T00:00:00Z,76834.360000000001,77853.039999999994,76516.740000000005,77552.229999999996,7874378647.9259119,1.925e-05
2026-05-21T00:00:00Z,77552.240000000005,78200,76719.470000000001,77615.520000000004,7812745374.4991999,3.5639999999999998e-05
2026-05-22T00:00:00Z,77615.520000000004,77900,75359.179999999993,75539.5,7919307702.4762001,1.783e-05
2026-05-23T00:00:00Z,75539.5,77404.179999999993,74289.600000000006,76752.009999999995,7897513726.6373234,9.0439999999999995e-05
2026-05-24T00:00:00Z,76752,77543.149999999994,76108,77064.960000000006,7635290930.0640001,6.5489999999999998e-05
2026-05-25T00:00:00Z,77064.960000000006,77905.520000000004,76914.25,77322.009999999995,7715266074.1236391,8.0580000000000004e-05
2026-05-26T00:00:00Z,77322.009999999995,78080,75677.970000000001,75930.009999999995,7524053401.9415941,0.0001
2026-05-27T00:00:00Z,75930.009999999995,76174.149999999994,74243.990000000005,74449.300000000003,7525541310.2939997,0.0001
2026-05-28T00:00:00Z,74449.309999999998,74590.770000000004,72582.820000000007,73617.509999999995,7844000019.4108038,0.0001
2026-05-29T00:00:00Z,73617.520000000004,74514.100000000006,72512.490000000005,73460.779999999999,7663275800.6112003,3.464e-05
2026-05-30T00:00:00Z,73460.779999999999,74143.759999999995,73216,73884.380000000005,7678916981.96,4.4320000000000003e-05
2026-05-31T00:00:00Z,73884.380000000005,74275.660000000003,73400,73674.389999999999,7737315532.1588621,5.7030000000000001e-05
2026-06-01T00:00:00Z,73674.389999999999,74092,70686.679999999993,71408.899999999994,7521284130.6125002,0.0001
2026-06-02T00:00:00Z,71408.899999999994,71408.899999999994,66193,66760.830000000002,7177092405.7514629,7.1649999999999993e-05
2026-06-03T00:00:00Z,66760.839999999997,67516,64092.489999999998,64142.75,6716459402.2496004,2.705e-05
2026-06-04T00:00:00Z,64142.75,64764.32,61383.559999999998,63885.989999999998,6301849095.4616985,1.3149999999999999e-05
2026-06-05T00:00:00Z,63885.989999999998,63978,59130.910000000003,61056.470000000001,6201023262.678916,-1.234e-05
2026-06-06T00:00:00Z,61056.470000000001,61530.050000000003,59500,60884.620000000003,6193343236.743557,-2.828e-05
2026-06-07T00:00:00Z,60884.620000000003,64234.68,60746,63332.010000000002,6261698694.9235229,3.5330000000000002e-05
2026-06-08T00:00:00Z,63332.010000000002,64200,62408,63085.989999999998,6211028321.8269997,-1.5650000000000001e-05
2026-06-09T00:00:00Z,63086,63526.010000000002,60780,61730,6122146791.6130276,3.6500000000000002e-06
2026-06-10T00:00:00Z,61730,62857.989999999998,60755,61510.989999999998,6109780512.2489252,-8.1100000000000003e-06
2026-06-11T00:00:00Z,61510.989999999998,63933.019999999997,61510.989999999998,63625.989999999998,6253559032.2159996,-1.3030000000000001e-05
2026-06-12T00:00:00Z,63626,64394.440000000002,62829.809999999998,63580.010000000002,6214606832.3585997,5.3569999999999997e-05
2026-06-13T00:00:00Z,63580,64762.769999999997,63418.660000000003,64458.010000000002,6451335468.5241003,-4.5099999999999998e-05
2026-06-14T00:00:00Z,64458.010000000002,65800,63678.830000000002,65746.449999999997,6681322376.0216999,2.8079999999999999e-05
2026-06-15T00:00:00Z,65746.449999999997,67292.149999999994,65354,66328.740000000005,6847516496.3239527,-4.2799999999999997e-06
2026-06-16T00:00:00Z,66328.740000000005,66992,65360.919999999998,65675.009999999995,6723012609.3195753,1.9570000000000001e-05
2026-06-17T00:00:00Z,65675.020000000004,66445.929999999993,63915.769999999997,64509.400000000001,6403522307.531024,2.6359999999999998e-05
2026-06-18T00:00:00Z,64509.400000000001,64806,62272.07,62958.010000000002,6204932727.4076996,6.0390000000000003e-05
2026-06-19T00:00:00Z,62958.010000000002,63666,62316.440000000002,63543.910000000003,6202898010.6000004,5.8140000000000002e-05
2026-06-20T00:00:00Z,63543.900000000001,64388,63184.209999999999,64298.010000000002,6269488531.2285318,7.7800000000000001e-06
2026-06-21T00:00:00Z,64298.010000000002,64588,63270,63311.989999999998,6344840299.1980362,6.5720000000000001e-05
2026-06-22T00:00:00Z,63312,65622.830000000002,63312,64020.010000000002,6373276294.3935223,4.0410000000000001e-05
2026-06-23T00:00:00Z,64020.010000000002,64275.379999999997,61938,62734.57,6198898071.4591999,2.154e-05
2026-06-24T00:00:00Z,62734.57,63239.059999999998,59102.699999999997,61077.989999999998,6155589125.2173996,-1.4229999999999999e-05
2026-06-25T00:00:00Z,61078,61962.400000000001,58115.010000000002,59794,6295950212.0129995,5.2979999999999998e-05
2026-06-26T00:00:00Z,59794.639999999999,60759.989999999998,58337,60097.269999999997,6225711119.0640001,5.2549999999999997e-05
2026-06-27T00:00:00Z,60097.269999999997,60941.169999999998,59855.160000000003,60029,6174784893.7700996,4.2580000000000002e-05
2026-06-28T00:00:00Z,60029.010000000002,60545.010000000002,58905,59577.010000000002,6132283135.3584003,3.112e-05
2026-06-29T00:00:00Z,59577.010000000002,60780.57,58900.010000000002,60260.209999999999,6146720996.8256207,6.1749999999999997e-05
2026-06-30T00:00:00Z,60260.199999999997,60276.540000000001,58201,58624.709999999999,6358356662.2834997,5.5319999999999999e-05
2026-07-01T00:00:00Z,58624.709999999999,61334,57800.190000000002,60024,6208233551.5003996,8.0010000000000001e-05
2026-07-02T00:00:00Z,60024,62200,59588,61560,6581058037.6661997,0.0001
2026-07-03T00:00:00Z,61560,62979.860000000001,61248.860000000001,62583.260000000002,6649185983.6315775,0.0001
2026-07-04T00:00:00Z,62583.260000000002,63461.989999999998,62328.239999999998,63144.010000000002,6715367081.1295996,9.5329999999999997e-05
2026-07-05T00:00:00Z,63144.010000000002,63999,62436.589999999997,63650,6698811383.3574877,7.7000000000000001e-05
2026-07-06T00:00:00Z,63650.010000000002,64700,61306.839999999997,64042.019999999997,6574632628.8079996,0.0001
2026-07-07T00:00:00Z,64042.93,64314,62671.389999999999,63363.989999999998,6296278784.3423996,4.846e-05
2026-07-08T00:00:00Z,63364,63761.989999999998,61544.559999999998,62290,6248314221.9530001,6.1600000000000007e-05
2026-07-09T00:00:00Z,62290.010000000002,63500,61705.290000000001,63230,6329051472.7240086,9.0580000000000004e-05
2026-07-10T00:00:00Z,63230.010000000002,64692.830000000002,62926.010000000002,64161.720000000001,6665459777.9910002,0.0001
2026-07-11T00:00:00Z,64161.720000000001,64504.110000000001,63819,63819,6467203161.2570362,4.651e-05
2026-07-12T00:00:00Z,63819.010000000002,64290.110000000001,63640.830000000002,63780,6418319591.25,1.521e-05
2026-07-13T00:00:00Z,63780,64425,61824.970000000001,62334.519999999997,6686095881.5279999,8.2559999999999996e-05
2026-07-14T00:00:00Z,62334.519999999997,65100,62272.199999999997,65043.980000000003,6851145712.6269999,0.0001
2026-07-15T00:00:00Z,65043.989999999998,65600,64485,64756.279999999999,6666039336.7974892,2.4260000000000002e-05
2026-07-16T00:00:00Z,64756.279999999999,64997.519999999997,63748.739999999998,63830.199999999997,6492865497.4570713,7.6390000000000006e-05
2026-07-17T00:00:00Z,63830.199999999997,64387.989999999998,62537.559999999998,63931.669999999998,6401812818.948,3.074e-05
2026-07-18T00:00:00Z,63931.669999999998,64865,63886.650000000001,64834.220000000001,6572983839.0082998,4.0600000000000001e-06
2026-07-19T00:00:00Z,64834.209999999999,64967.25,64280,64722.540000000001,6623104789.6384001,4.8900000000000003e-05
2026-07-20T00:00:00Z,64722.550000000003,65799,63100,65255.510000000002,6605274763.2935095,5.3999999999999998e-05
2026-07-21T00:00:00Z,65255.510000000002,66956.149999999994,65148.75,66556.160000000003,6939780491.3814001,3.9279999999999997e-05
2026-07-22T00:00:00Z,66556.149999999994,66739.889999999999,65553.669999999998,66114.490000000005,6756421156.0706806,-3.4300000000000002e-06
2026-07-23T00:00:00Z,66114.5,66313.139999999999,64650,65098.970000000001,6805304178.1032763,7.5980000000000001e-05
2026-07-24T00:00:00Z,65098.980000000003,65808.589999999997,63739.75,64139.989999999998,6803700116.8151999,6.0739999999999998e-05
2026-07-25T00:00:00Z,64140,64475.279999999999,63810,64375,6917476416.9045086,3.8779999999999998e-05
2026-07-26T00:00:00Z,64375.010000000002,65577,64293.809999999998,65399.989999999998,6821873937.9153996,6.1470000000000006e-05
2026-07-27T00:00:00Z,65400,65744.600000000006,63605.559999999998,63755.860000000001,6729450397.1309996,4.2079999999999997e-05
2026-07-28T00:00:00Z,63755.860000000001,64100,62742.470000000001,63915,6598257390.1691999,0.0001
2026-07-29T00:00:00Z,63915,64744.809999999998,63267.339999999997,63984.279999999999,6674049577.7609997,8.462e-05
2026-07-30T00:00:00Z,63984.290000000001,65176.599999999999,63603.919999999998,64780.019999999997,6902141264.7285662,0.0001
2026-07-31T00:00:00Z,64780.029999999999,65409.559999999998,62466,62887.879999999997,6884630899.8221998,4.1230000000000003e-05
2026-08-01T00:00:00Z,62887.879999999997,63150,62275,62823.639999999999,6813971110.5690002,4.5300000000000003e-05
2026-08-02T00:00:00Z,62823.650000000001,63796.330000000002,62806.580000000002,63570,6934992824.4499998,0.0001
2026-08-03T00:00:00Z,63570.010000000002,64080,62300,63520,6893003948.1160002,3.0809999999999998e-05
2026-08-04T00:00:00Z,63520,64549.160000000003,63322.010000000002,64106.559999999998,6934623587.2911997,1.6739999999999999e-05
2026-08-05T00:00:00Z,64106.550000000003,65025.220000000001,63880,64665.230000000003,6922603001.0047998,6.5950000000000004e-05
2026-08-06T00:00:00Z,64665.239999999998,64999,64172,64323.610000000001,6800841409.3472996,7.9899999999999997e-06
2026-08-07T00:00:00Z,64323.610000000001,65390.989999999998,64166,64923.190000000002,6939798035.1987028,5.5569999999999998e-05
2026-08-08T00:00:00Z,64923.199999999997,65192.540000000001,64784.190000000002,64962.599999999999,6960955962.3294935,4.4230000000000002e-05
2026-08-09T00:00:00Z,64962.599999999999,65474.459999999999,64730.080000000002,64901.589999999997,6943198658.0224342,7.4969999999999995e-05
2026-08-10T00:00:00Z,64901.589999999997,65391.139999999999,63806.269999999997,63970.010000000002,6795475183.8271999,2.3010000000000002e-05
2026-08-11T00:00:00Z,63970.010000000002,64515.43,63238,63600,6945839157.3739004,0.0001
2026-08-12T00:00:00Z,63600.010000000002,64500,63310.339999999997,63479.989999999998,7048264430.493,6.5759999999999994e-05
2026-08-13T00:00:00Z,63479.989999999998,64010,62802.269999999997,63490.860000000001,6953694869.9315958,8.5450000000000003e-05
2026-08-14T00:00:00Z,63490.860000000001,63617.449999999997,62535.239999999998,63043.559999999998,7056991606.9700174,6.8009999999999994e-05
2026-08-15T00:00:00Z,63043.559999999998,63187.980000000003,62920,63086.010000000002,7030357248.7620001,9.6600000000000007e-06
2026-08-16T00:00:00Z,63086.010000000002,63390,62716,62900,6975665209.0839996,3.8179999999999997e-05
2026-08-17T00:00:00Z,62900,64610.010000000002,62751.099999999999,64532.099999999999,6863100374.0119247,5.164e-05
2026-08-18T00:00:00Z,64532.110000000001,65058.809999999998,64027.849999999999,64725.419999999998,6875215581.2702999,1.6169999999999999e-05
2026-08-19T00:00:00Z,64725.419999999998,70000,64166,69334.789999999994,7451313844.0080423,9.6550000000000002e-05
2026-08-20T00:00:00Z,69334.779999999999,73400,68902.220000000001,73025.149999999994,7856597118.9953566,4.9639999999999999e-05
2026-08-21T00:00:00Z,73027.020000000004,79500,73027.020000000004,78338.029999999999,8308175068.4420996,0.0001
2026-08-22T00:00:00Z,78338.029999999999,78828.149999999994,76500,77074.929999999993,8156646450.5190163,0.0001
2026-08-23T00:00:00Z,77074.940000000002,78052.850000000006,75545.669999999998,77734,8200920116.1132002,0.0001
2026-08-24T00:00:00Z,77734,80000,76670.009999999995,78992.75,8465023742.658,5.8180000000000002e-05
2026-08-25T00:00:00Z,78992.759999999995,81272.619999999995,77851,78539.139999999999,8368057784.967,7.7340000000000002e-05
2026-08-26T00:00:00Z,78539.130000000005,79251.600000000006,77632.580000000002,79023.75,8341209922.1532116,4.5949999999999999e-05
2026-08-27T00:00:00Z,79023.75,80848.740000000005,78546.130000000005,80249.580000000002,8723782746.6226482,6.5779999999999997e-05
2026-08-28T00:00:00Z,80249.589999999997,81478.869999999995,76888,77845.869999999995,8217042639.1635952,0.0001
2026-08-29T00:00:00Z,77845.880000000005,78330,77382.369999999995,78230,8420208319.332942,8.2830000000000005e-05
2026-08-30T00:00:00Z,78230,79400,77000,77682,8256337156.5843706,
